celltype,program,genes_detected,omitted_patient,retained_n,mean_difference,median_difference,paired_t_p
B,choline_phospholipid_metabolism,6,HCC03,7,0.07618211767713065,0.1845219023800519,0.7343179760643985
B,choline_phospholipid_metabolism,6,HCC04,7,0.07981142819852824,0.20992707602983504,0.7227183582150356
B,choline_phospholipid_metabolism,6,HCC05,7,0.05425527042319981,0.1845219023800519,0.8051554560568066
B,choline_phospholipid_metabolism,6,HCC06,7,0.10840755638046683,0.20992707602983504,0.6310944942083995
B,choline_phospholipid_metabolism,6,HCC07,7,0.20686508208930982,0.20992707602983504,0.269763755427594
B,choline_phospholipid_metabolism,6,HCC08,7,-0.010812154768964022,0.1845219023800519,0.9537172015054214
B,choline_phospholipid_metabolism,6,HCC09,7,0.03417633214051152,0.1845219023800519,0.8725457518070744
B,choline_phospholipid_metabolism,6,HCC10,7,0.19431626762956666,0.20992707602983504,0.3229124157717676
B,type_i_interferon_response,8,HCC03,7,0.04909738988546443,0.1571433431308567,0.8727906908602664
B,type_i_interferon_response,8,HCC04,7,0.1519259091893404,0.17547275513865743,0.6146350934026739
B,type_i_interferon_response,8,HCC05,7,0.07140160651444827,0.1571433431308567,0.8175831438770618
B,type_i_interferon_response,8,HCC06,7,0.07402009394413407,0.17547275513865743,0.8111362133730606
B,type_i_interferon_response,8,HCC07,7,0.2781436497399314,0.17547275513865743,0.2033357221235231
B,type_i_interferon_response,8,HCC08,7,0.11913243177572054,0.17547275513865743,0.6993136093742931
B,type_i_interferon_response,8,HCC09,7,0.0009089512016164607,0.1571433431308567,0.997520006882505
B,type_i_interferon_response,8,HCC10,7,-0.0693460315108603,0.1571433431308567,0.7802808905303873
Endothelial,ahr_aromatic_response,4,HCC03,5,-0.5821086551089822,-0.3736449997278623,0.22308723753943444
Endothelial,ahr_aromatic_response,4,HCC04,5,-0.45779713266170646,-0.3736449997278623,0.20011442221550618
Endothelial,ahr_aromatic_response,4,HCC05,5,-0.9183104885516528,-0.8080616205163745,0.06431236017558735
Endothelial,ahr_aromatic_response,4,HCC06,5,-0.8645659317011555,-0.8080616205163745,0.09607896908688889
Endothelial,ahr_aromatic_response,4,HCC08,5,-0.7005346372216084,-0.3736449997278623,0.183889197785076
Endothelial,ahr_aromatic_response,4,HCC09,5,-0.7874179613793109,-0.8080616205163745,0.14029359172236508
Endothelial,choline_phospholipid_metabolism,8,HCC03,5,0.11591516637933344,0.2469153960308155,0.482857294420171
Endothelial,choline_phospholipid_metabolism,8,HCC04,5,-0.17702162417920256,0.0396941867137411,0.5851222653346104
Endothelial,choline_phospholipid_metabolism,8,HCC05,5,-0.19913071015588363,0.0396941867137411,0.5291353114070491
Endothelial,choline_phospholipid_metabolism,8,HCC06,5,-0.20180410288051345,0.0396941867137411,0.5221356098662185
Endothelial,choline_phospholipid_metabolism,8,HCC08,5,-0.13557738231578767,0.2469153960308155,0.6832775413843398
Endothelial,choline_phospholipid_metabolism,8,HCC09,5,-0.04057407171314338,0.2469153960308155,0.8990208508233288
Endothelial,type_i_interferon_response,12,HCC03,5,-0.6422758800801582,-0.531003301483394,0.01868457862034134
Endothelial,type_i_interferon_response,12,HCC04,5,-0.9030791006338703,-0.8123692007117105,0.034195858761159305
Endothelial,type_i_interferon_response,12,HCC05,5,-0.9082571238088892,-0.8123692007117105,0.03298068418967232
Endothelial,type_i_interferon_response,12,HCC06,5,-0.846805920788207,-0.531003301483394,0.045735508476741786
Endothelial,type_i_interferon_response,12,HCC08,5,-0.9730371938317213,-0.8123692007117105,0.01711844682334478
Endothelial,type_i_interferon_response,12,HCC09,5,-0.7729435855098995,-0.531003301483394,0.05275268022235675
Fibroblast,ahr_aromatic_response,4,HCC04,5,0.5439898998902378,0.49056313352402736,0.057640761930878796
Fibroblast,ahr_aromatic_response,4,HCC05,5,0.22413996734113972,0.14960865638763746,0.597692974454187
Fibroblast,ahr_aromatic_response,4,HCC06,5,0.31042301218802815,0.49056313352402736,0.4727395248486247
Fibroblast,ahr_aromatic_response,4,HCC08,5,0.2923308627684177,0.49056313352402736,0.4995913504546659
Fibroblast,ahr_aromatic_response,4,HCC09,5,0.09947619645729233,0.14960865638763746,0.7824065043293835
Fibroblast,ahr_aromatic_response,4,HCC10,5,0.14090303158461018,0.14960865638763746,0.7177596404220861
Fibroblast,choline_phospholipid_metabolism,7,HCC04,5,0.11181375809261093,0.1392420055813086,0.29853341997556737
Fibroblast,choline_phospholipid_metabolism,7,HCC05,5,-0.07703538751921135,-0.02678816398255615,0.6640255310087189
Fibroblast,choline_phospholipid_metabolism,7,HCC06,5,-0.012537098988266465,0.1392420055813086,0.94817602445629
Fibroblast,choline_phospholipid_metabolism,7,HCC08,5,-0.045743132901039416,-0.02678816398255615,0.8091428130165064
Fibroblast,choline_phospholipid_metabolism,7,HCC09,5,-0.08178046429855519,-0.02678816398255615,0.6396814163392164
Fibroblast,choline_phospholipid_metabolism,7,HCC10,5,0.015808666690573007,0.1392420055813086,0.9332503216999095
Fibroblast,type_i_interferon_response,11,HCC04,5,0.2929124195355154,0.3679072049692804,0.33089748567250366
Fibroblast,type_i_interferon_response,11,HCC05,5,0.19553827674640736,0.3679072049692804,0.5213036603974067
Fibroblast,type_i_interferon_response,11,HCC06,5,0.3901132837588316,0.3679072049692804,0.10344666963740971
Fibroblast,type_i_interferon_response,11,HCC08,5,0.05936185102300791,0.33618269158302255,0.7818218116199538
Fibroblast,type_i_interferon_response,11,HCC09,5,0.1891933740691558,0.33618269158302255,0.5329241421801422
Fibroblast,type_i_interferon_response,11,HCC10,5,0.18675487018214137,0.33618269158302255,0.5373778925221754
Hepatocyte,hepatocyte_bile_acid_synthesis_transport,8,HCC03,7,-0.05859646794994491,0.024445495679670637,0.8428791160652336
Hepatocyte,hepatocyte_bile_acid_synthesis_transport,8,HCC04,7,-0.03882557560268276,0.03638999917043639,0.8959342993844075
Hepatocyte,hepatocyte_bile_acid_synthesis_transport,8,HCC05,7,-0.14189472001414036,0.024445495679670637,0.5986876494639164
Hepatocyte,hepatocyte_bile_acid_synthesis_transport,8,HCC06,7,-0.1076622893279957,0.024445495679670637,0.7052554695604145
Hepatocyte,hepatocyte_bile_acid_synthesis_transport,8,HCC07,7,0.1930777337593478,0.03638999917043639,0.13795553607489466
Hepatocyte,hepatocyte_bile_acid_synthesis_transport,8,HCC08,7,-0.04315868820634165,0.024445495679670637,0.8843545906316232
Hepatocyte,hepatocyte_bile_acid_synthesis_transport,8,HCC09,7,-0.041452330564803685,0.03638999917043639,0.8889166692110798
Hepatocyte,hepatocyte_bile_acid_synthesis_transport,8,HCC10,7,-0.027208480367393897,0.03638999917043639,0.9269353005935029
Hepatocyte,hepatocyte_bile_acid_receptor_response,4,HCC03,7,0.07116164375789577,0.15030617660420698,0.7254106307575763
Hepatocyte,hepatocyte_bile_acid_receptor_response,4,HCC04,7,0.2537393577487438,0.31250873840664584,0.15908505358477423
Hepatocyte,hepatocyte_bile_acid_receptor_response,4,HCC05,7,0.11179418803506035,0.15030617660420698,0.6062741959209017
Hepatocyte,hepatocyte_bile_acid_receptor_response,4,HCC06,7,0.10810553924276292,0.15030617660420698,0.6168592812062761
Hepatocyte,hepatocyte_bile_acid_receptor_response,4,HCC07,7,0.22075747377798546,0.31250873840664584,0.27474213133353975
Hepatocyte,hepatocyte_bile_acid_receptor_response,4,HCC08,7,0.1349659825782659,0.31250873840664584,0.5397924405159619
Hepatocyte,hepatocyte_bile_acid_receptor_response,4,HCC09,7,0.03662795545321967,0.15030617660420698,0.8387875742103297
Hepatocyte,hepatocyte_bile_acid_receptor_response,4,HCC10,7,0.15791591405813438,0.31250873840664584,0.472897805024603
Hepatocyte,ahr_aromatic_response,3,HCC03,7,-0.10456488750136117,-0.32251159444219973,0.8255460561534638
Hepatocyte,ahr_aromatic_response,3,HCC04,7,0.0735081936472096,-0.32251159444219973,0.8558638135907167
Hepatocyte,ahr_aromatic_response,3,HCC05,7,-0.023118977219202457,-0.32251159444219973,0.9595442755917034
Hepatocyte,ahr_aromatic_response,3,HCC06,7,-0.1279992472257248,-0.33480910358697485,0.7880555703989143
Hepatocyte,ahr_aromatic_response,3,HCC07,7,-0.3316225421714266,-0.33480910358697485,0.4317877475709877
Hepatocyte,ahr_aromatic_response,3,HCC08,7,-0.04208909089164648,-0.32251159444219973,0.9273991319227928
Hepatocyte,ahr_aromatic_response,3,HCC09,7,-0.4045550902123078,-0.33480910358697485,0.2668826771874595
Hepatocyte,ahr_aromatic_response,3,HCC10,7,-0.10632167452204334,-0.33480910358697485,0.8227311615441195
Hepatocyte,choline_phospholipid_metabolism,7,HCC03,7,-0.4531740366119673,-0.43519321415495443,0.13709696293029766
Hepatocyte,choline_phospholipid_metabolism,7,HCC04,7,-0.38663523631576285,-0.43519321415495443,0.21525300854663193
Hepatocyte,choline_phospholipid_metabolism,7,HCC05,7,-0.23682137511123044,-0.2876216334850095,0.3429236205165062
Hepatocyte,choline_phospholipid_metabolism,7,HCC06,7,-0.30589730814697613,-0.2876216334850095,0.2973248335030904
Hepatocyte,choline_phospholipid_metabolism,7,HCC07,7,-0.28190559946984317,-0.2876216334850095,0.31699520126430053
Hepatocyte,choline_phospholipid_metabolism,7,HCC08,7,-0.53282348347446,-0.43519321415495443,0.04505700980429186
Hepatocyte,choline_phospholipid_metabolism,7,HCC09,7,-0.3655535819343421,-0.2876216334850095,0.23845181192289464
Hepatocyte,choline_phospholipid_metabolism,7,HCC10,7,-0.43125766663076737,-0.43519321415495443,0.16341564717437074
Hepatocyte,type_i_interferon_response,11,HCC03,7,-0.8457892577246342,-0.8119038398675226,0.0005771092503312402
Hepatocyte,type_i_interferon_response,11,HCC04,7,-0.6636770918402728,-0.6411544264506526,0.0023384254925424793
Hepatocyte,type_i_interferon_response,11,HCC05,7,-0.8003647799594243,-0.8119038398675226,0.002278683664008679
Hepatocyte,type_i_interferon_response,11,HCC06,7,-0.7315931149954406,-0.6411544264506526,0.00442844426174037
Hepatocyte,type_i_interferon_response,11,HCC07,7,-0.7763852243044299,-0.8119038398675226,0.0032859713419482353
Hepatocyte,type_i_interferon_response,11,HCC08,7,-0.6918046694142035,-0.6411544264506526,0.003812126204060847
Hepatocyte,type_i_interferon_response,11,HCC09,7,-0.74442061434323,-0.6411544264506526,0.004259405103503797
Hepatocyte,type_i_interferon_response,11,HCC10,7,-0.768813387688497,-0.8119038398675226,0.0035705708205877565
Hepatocyte,cell_cycle,7,HCC03,7,0.8361593905429648,0.965178744814426,0.07522352275607715
Hepatocyte,cell_cycle,7,HCC04,7,0.7960485541260526,0.965178744814426,0.07719333732453698
Hepatocyte,cell_cycle,7,HCC05,7,1.1816428214131371,1.4501748205119935,0.00501790722682002
Hepatocyte,cell_cycle,7,HCC06,7,0.9204109245419229,1.4501748205119935,0.06229833190978304
Hepatocyte,cell_cycle,7,HCC07,7,1.058112136201544,1.4501748205119935,0.029604126497170317
Hepatocyte,cell_cycle,7,HCC08,7,0.7779213023560871,0.965178744814426,0.07682523055059541
Hepatocyte,cell_cycle,7,HCC09,7,0.8511257708708418,0.965178744814426,0.07367238638388197
Hepatocyte,cell_cycle,7,HCC10,7,0.9866343165553363,1.4501748205119935,0.04729825223388215
Myeloid,ahr_aromatic_response,5,HCC03,7,-0.24483620711698098,-0.2257991139108617,0.1865070924951548
Myeloid,ahr_aromatic_response,5,HCC04,7,-0.21976439270387196,-0.2257991139108617,0.18158304061722708
Myeloid,ahr_aromatic_response,5,HCC05,7,-0.3981967200339325,-0.27809442980282856,0.048319869098737755
Myeloid,ahr_aromatic_response,5,HCC06,7,-0.3323608071666177,-0.27809442980282856,0.1218164283818553
Myeloid,ahr_aromatic_response,5,HCC07,7,-0.29109981145590746,-0.2257991139108617,0.1615561568469607
Myeloid,ahr_aromatic_response,5,HCC08,7,-0.3435199030161435,-0.27809442980282856,0.10963630632556101
Myeloid,ahr_aromatic_response,5,HCC09,7,-0.3976568748302517,-0.27809442980282856,0.04889577144556268
Myeloid,ahr_aromatic_response,5,HCC10,7,-0.32489004775347957,-0.2257991139108617,0.1297155380981674
Myeloid,choline_phospholipid_metabolism,8,HCC03,7,-0.3193108342789343,-0.41059734692538447,0.0413821896889204
Myeloid,choline_phospholipid_metabolism,8,HCC04,7,-0.4107445800600979,-0.41059734692538447,0.06890828662241756
Myeloid,choline_phospholipid_metabolism,8,HCC05,7,-0.44865434527447584,-0.4140313429219313,0.05568219758075925
Myeloid,choline_phospholipid_metabolism,8,HCC06,7,-0.4475713711919277,-0.41059734692538447,0.05614920915925002
Myeloid,choline_phospholipid_metabolism,8,HCC07,7,-0.46003927842187675,-0.4140313429219313,0.05055693852700006
Myeloid,choline_phospholipid_metabolism,8,HCC08,7,-0.44816377441782623,-0.41059734692538447,0.05589423579409306
Myeloid,choline_phospholipid_metabolism,8,HCC09,7,-0.5610484680830624,-0.4140313429219313,0.005529248732205496
Myeloid,choline_phospholipid_metabolism,8,HCC10,7,-0.45564511211851383,-0.4140313429219313,0.05257840671575778
Myeloid,type_i_interferon_response,12,HCC03,7,-0.7044914594899446,-0.3603603738283464,0.046980970156353025
Myeloid,type_i_interferon_response,12,HCC04,7,-0.7826589540315031,-0.5042323457545068,0.030340776475102287
Myeloid,type_i_interferon_response,12,HCC05,7,-0.7621058151849088,-0.3603603738283464,0.035309852098034424
Myeloid,type_i_interferon_response,12,HCC06,7,-0.5957523060401699,-0.3603603738283464,0.04646367257762401
Myeloid,type_i_interferon_response,12,HCC07,7,-0.5649182373003828,-0.3603603738283464,0.03655471768462533
Myeloid,type_i_interferon_response,12,HCC08,7,-0.7993413317083905,-0.5042323457545068,0.02619508737109906
Myeloid,type_i_interferon_response,12,HCC09,7,-0.8035436379010433,-0.5042323457545068,0.025147078933804613
Myeloid,type_i_interferon_response,12,HCC10,7,-0.8261613103925255,-0.5042323457545068,0.019570628869822533
Myeloid,cell_cycle,3,HCC03,7,1.3134458624482392,1.484136397593258,0.004263630550557606
Myeloid,cell_cycle,3,HCC04,7,1.2017464199061105,1.475111431951764,0.007560189435026634
Myeloid,cell_cycle,3,HCC05,7,1.427331882762875,1.484136397593258,0.0005585214045125836
Myeloid,cell_cycle,3,HCC06,7,1.3227600031346545,1.484136397593258,0.003895508985308911
Myeloid,cell_cycle,3,HCC07,7,1.1658555169620948,1.475111431951764,0.007630487388738758
Myeloid,cell_cycle,3,HCC08,7,1.2030357007120382,1.484136397593258,0.007545484129397193
Myeloid,cell_cycle,3,HCC09,7,1.1589486723015636,1.475111431951764,0.007562810741560928
Myeloid,cell_cycle,3,HCC10,7,1.1032372787084568,1.475111431951764,0.005972028041843518
T/NK,ahr_aromatic_response,3,HCC03,7,0.9728001557928885,0.7766980442727314,0.08405198117774355
T/NK,ahr_aromatic_response,3,HCC04,7,1.0964048749796296,0.7766980442727314,0.029381231776653232
T/NK,ahr_aromatic_response,3,HCC05,7,0.8721599209404377,0.7766980442727314,0.13184422866442985
T/NK,ahr_aromatic_response,3,HCC06,7,0.8196558294703263,0.45252498563606125,0.15542304566884932
T/NK,ahr_aromatic_response,3,HCC07,7,0.632431710652081,0.45252498563606125,0.21732185095565476
T/NK,ahr_aromatic_response,3,HCC08,7,0.8659662664184221,0.7766980442727314,0.1347006017107055
T/NK,ahr_aromatic_response,3,HCC09,7,0.5793981845700884,0.45252498563606125,0.222257303656354
T/NK,ahr_aromatic_response,3,HCC10,7,0.6754719077411419,0.45252498563606125,0.2077548862299889
T/NK,choline_phospholipid_metabolism,7,HCC03,7,-0.2652523188393318,-0.26907272845243835,0.14073437384614507
T/NK,choline_phospholipid_metabolism,7,HCC04,7,-0.3432136739873532,-0.26907272845243835,0.12572993648125919
T/NK,choline_phospholipid_metabolism,7,HCC05,7,-0.4552391318472181,-0.5244867329839543,0.033060732663738435
T/NK,choline_phospholipid_metabolism,7,HCC06,7,-0.3285635888843368,-0.26907272845243835,0.13445242322881706
T/NK,choline_phospholipid_metabolism,7,HCC07,7,-0.29961124363562114,-0.26907272845243835,0.14546939810589468
T/NK,choline_phospholipid_metabolism,7,HCC08,7,-0.43960397294490366,-0.5244867329839543,0.04596710845565524
T/NK,choline_phospholipid_metabolism,7,HCC09,7,-0.4157971318362352,-0.5244867329839543,0.06684686719821238
T/NK,choline_phospholipid_metabolism,7,HCC10,7,-0.3797013889204269,-0.5244867329839543,0.09827317040746564
T/NK,type_i_interferon_response,12,HCC03,7,-0.18448783715455638,-0.23355796494766412,0.5240754498346019
T/NK,type_i_interferon_response,12,HCC04,7,-0.03677915391669252,-0.21951836324082333,0.8659918790430733
T/NK,type_i_interferon_response,12,HCC05,7,-0.1824821797678648,-0.21951836324082333,0.528361991721502
T/NK,type_i_interferon_response,12,HCC06,7,-0.11368981601211679,-0.21951836324082333,0.6756842245039386
T/NK,type_i_interferon_response,12,HCC07,7,-0.1759106055466026,-0.21951836324082333,0.5423784783736616
T/NK,type_i_interferon_response,12,HCC08,7,-0.2122043371736503,-0.23355796494766412,0.4641977220728707
T/NK,type_i_interferon_response,12,HCC09,7,-0.23808309772477992,-0.23355796494766412,0.4066770953893299
T/NK,type_i_interferon_response,12,HCC10,7,-0.3672961960264544,-0.23355796494766412,0.08585570819719067
T/NK,cell_cycle,7,HCC03,7,1.3208652834529868,1.4183880541387115,0.0032167562297918248
T/NK,cell_cycle,7,HCC04,7,1.1141470724556608,1.1012117354043462,0.0035890079956449367
T/NK,cell_cycle,7,HCC05,7,1.2301147070726473,1.1012117354043462,0.005292677805742596
T/NK,cell_cycle,7,HCC06,7,1.2844992094275898,1.4183880541387115,0.004247782408566777
T/NK,cell_cycle,7,HCC07,7,1.4419137492887306,1.4183880541387115,0.00028432114461243024
T/NK,cell_cycle,7,HCC08,7,1.183754656834435,1.1012117354043462,0.00535359519386171
T/NK,cell_cycle,7,HCC09,7,1.1784707153662066,1.1012117354043462,0.005299401941872729
T/NK,cell_cycle,7,HCC10,7,1.2754256097489853,1.4183880541387115,0.004474926358567564
