analysis,species,metabolite,n,r,p,q_bh,exact_taxon_match
mOTU_CLR,Peptostreptococcus stomatis,C06104_Adipate,346,-0.2718284189567124,2.821234654207141e-07,5.762521846891181e-07,True
mOTU_CLR,Peptostreptococcus stomatis,C00041_Ala,346,0.3141512535898989,2.31041154618744e-09,6.931234638562319e-09,True
mOTU_CLR,Peptostreptococcus stomatis,C05341_beta-Ala-Lys,346,0.31823616719589076,1.3930472246698263e-09,4.61146667476908e-09,True
mOTU_CLR,Peptostreptococcus stomatis,C00576_Betaine aldehyde,346,-0.30095538429657676,1.1246463691752211e-08,2.841211880021611e-08,True
mOTU_CLR,Peptostreptococcus stomatis,C00114_Choline,346,0.30217292175153204,9.750337449054017e-09,2.6743782717405303e-08,True
mOTU_CLR,Peptostreptococcus stomatis,C00300_Creatine,346,0.3470444814444971,3.147041943320948e-11,1.258816777328379e-10,True
mOTU_CLR,Peptostreptococcus stomatis,C02678_Dodecanedioate,346,-0.4172950447331265,5.19378356299811e-16,8.310053700796976e-15,True
mOTU_CLR,Peptostreptococcus stomatis,C01425_Glu-Glu,346,0.31528731904684837,2.008699002038819e-09,6.427836806524221e-09,True
mOTU_CLR,Peptostreptococcus stomatis,C01921_Glycocholate,346,0.3556997362184819,9.31755323498751e-12,5.261677120934123e-11,True
mOTU_CLR,Peptostreptococcus stomatis,C07044_Hydroxyurea,346,-0.1372537158828339,0.010590286435385432,0.011050733671706536,True
mOTU_CLR,Peptostreptococcus stomatis,C00407_Ile,346,0.26952982703110717,3.5824447803912265e-07,7.164889560782452e-07,True
mOTU_CLR,Peptostreptococcus stomatis,C00123_Leu,346,0.25240164327090703,1.9828734937125927e-06,3.281997506834636e-06,True
mOTU_CLR,Peptostreptococcus stomatis,C01042_N-Acetylaspartate,346,-0.23728726888537988,8.130838787286956e-06,1.2589685864186255e-05,True
mOTU_CLR,Peptostreptococcus stomatis,C00624_N-Acetylglutamate,346,-0.43922281058133106,9.451884868972385e-18,3.024603158071163e-16,True
mOTU_CLR,Peptostreptococcus stomatis,C02997_N-Acetylhistidine,346,-0.01205177440431697,0.8232453396797099,0.8232453396797098,True
mOTU_CLR,Peptostreptococcus stomatis,C02721_N-Methylalanine,346,-0.25778729917145216,1.172930251552954e-06,2.0852093360941405e-06,True
mOTU_CLR,Peptostreptococcus stomatis,C01046_N-Methylglutamate,346,-0.30537853670813386,6.674494212885241e-09,1.88456307187348e-08,True
mOTU_CLR,Peptostreptococcus stomatis,C00803_Valerate,346,-0.20596490454318148,0.00011396541270084813,0.00014026512332412076,True
mOTU_CLR,Peptostreptococcus stomatis,C00079_Phe,346,0.33223422121422086,2.3202147468701504e-10,8.566946757674401e-10,True
mOTU_CLR,Peptostreptococcus stomatis,C02656_Pimelate,346,-0.3684389391370558,1.450563294578124e-12,9.283605085299993e-12,True
mOTU_CLR,Peptostreptococcus stomatis,C00647_Pyridoxamine 5'-phosphate,346,-0.23675183702878283,8.533397632628756e-06,1.3003272583053343e-05,True
mOTU_CLR,Peptostreptococcus stomatis,C08277_Sebacate,346,-0.422373271023825,2.1072518193265225e-16,5.057404366383654e-15,True
mOTU_CLR,Peptostreptococcus stomatis,C00042_Succinate,346,0.32491530438364613,5.990984424396001e-10,2.1301277953408002e-09,True
mOTU_CLR,Peptostreptococcus stomatis,C05122_Taurocholate,346,0.36744398899749214,1.682365911707421e-12,1.0094195470244526e-11,True
mOTU_CLR,Peptostreptococcus stomatis,C00078_Trp,346,0.23525117015960118,9.765186070845147e-06,1.4422428658478988e-05,True
mOTU_CLR,Peptostreptococcus stomatis,C00183_Val,346,0.2792996944014341,1.278119850411121e-07,2.726655680877058e-07,True
mOTU_CLR,Peptostreptococcus stomatis,"C03283_2,4-Diaminobutyrate",346,-0.3489886185024372,2.401988832836432e-11,1.2136364629068288e-10,True
mOTU_CLR,Peptostreptococcus stomatis,C03264_2-Hydroxy-4-methylpentanoate,346,0.3786729859490504,3.0640669638265044e-13,2.67409480479404e-12,True
mOTU_CLR,Peptostreptococcus stomatis,C05984_2-Hydroxybutyrate,346,0.3734728358667418,6.797907564587537e-13,5.019993278464642e-12,True
mOTU_CLR,Peptostreptococcus stomatis,2-Hydroxypentanoate,346,0.3736871259736467,6.580150614034383e-13,5.019993278464642e-12,True
mOTU_CLR,Peptostreptococcus stomatis,C01089_3-Hydroxybutyrate,346,0.2912750075254894,3.418344130507573e-08,7.901793448816739e-08,True
mOTU_CLR,Peptostreptococcus stomatis,C00431_5-Aminovalerate,346,0.35396022674272193,1.1935389939092844e-11,6.365541300849517e-11,True
mOTU_CLR,Gemella morbillorum,C06104_Adipate,346,-0.23162279142445727,1.347970735684698e-05,1.905648651552418e-05,True
mOTU_CLR,Gemella morbillorum,C00695_Cholate,346,0.4059974749318045,3.661048884623967e-15,5.020867041770012e-14,True
mOTU_CLR,Gemella morbillorum,C00300_Creatine,346,0.3475405765202527,2.9379147091505645e-11,1.2269026110975977e-10,True
mOTU_CLR,Gemella morbillorum,C02678_Dodecanedioate,346,-0.44447913698205305,3.462100908832514e-18,1.6618084362396068e-16,True
mOTU_CLR,Gemella morbillorum,C00122_Fumarate,346,0.19541959197010256,0.0002550034730633998,0.00029854065139129737,True
mOTU_CLR,Gemella morbillorum,C01921_Glycocholate,346,0.3114455900066516,3.216629015472577e-09,9.357466226829314e-09,True
mOTU_CLR,Gemella morbillorum,C01042_N-Acetylaspartate,346,-0.2536325512798293,1.7604801480868606e-06,2.9650191967778703e-06,True
mOTU_CLR,Gemella morbillorum,C02656_Pimelate,346,-0.34860426342781203,2.5341450153569806e-11,1.2163896073713505e-10,True
mOTU_CLR,Gemella morbillorum,C00250_Pyridoxal,346,-0.2365646371443566,8.678563476696013e-06,1.3017845215044019e-05,True
mOTU_CLR,Gemella morbillorum,C08277_Sebacate,346,-0.386142362954836,9.512462833994729e-14,9.13196432063494e-13,True
mOTU_CLR,Gemella morbillorum,C00042_Succinate,346,0.2910329817373954,3.512836564673205e-08,7.901793448816739e-08,True
mOTU_CLR,Gemella morbillorum,C05122_Taurocholate,346,0.3719046244048963,8.620508006787039e-13,5.911205490368256e-12,True
mOTU_CLR,Gemella morbillorum,C00378_Thiamine,346,-0.2316071142192137,1.349834461516296e-05,1.905648651552418e-05,True
mOTU_CLR,Gemella morbillorum,"C00628_2,5-Dihydroxybenzoate",346,0.034746613600909276,0.5194586895263258,0.524926675731866,True
mOTU_CLR,Gemella morbillorum,C00431_5-Aminovalerate,346,0.3366390672243004,1.295012116029316e-10,4.972846525552574e-10,True
mOTU_CLR,Fusobacterium nucleatum,C08261_Azelate,346,-0.34753680037784984,2.939454172421328e-11,1.2269026110975977e-10,True
mOTU_CLR,Fusobacterium nucleatum,C00576_Betaine aldehyde,346,-0.25591446611260255,1.4097673219028249e-06,2.4167439804048427e-06,True
mOTU_CLR,Fusobacterium nucleatum,C00294_Inosine,346,-0.18924280580886235,0.00040101386367737845,0.0004583015584884325,True
mOTU_CLR,Fusobacterium nucleatum,C01042_N-Acetylaspartate,346,-0.2113991599034674,7.404505395221753e-05,9.605844837044436e-05,True
mOTU_CLR,Fusobacterium nucleatum,C04501_N-Acetylglucosamine 1-phosphate,346,-0.2034634573875388,0.00013847280456986543,0.00016827074985705166,True
mOTU_CLR,Fusobacterium nucleatum,C00624_N-Acetylglutamate,346,-0.3907685111168933,4.540624651172472e-14,5.448749581406967e-13,True
mOTU_CLR,Fusobacterium nucleatum,C08277_Sebacate,346,-0.3882489982078756,6.80240588081733e-14,7.255899606205153e-13,True
mOTU_CLR,Fusobacterium nucleatum,C00398_Tryptamine,346,0.45883904891782373,2.034779957159565e-19,1.9533887588731823e-17,True
mOTU_CLR,Fusobacterium nucleatum,"C00986_1,3-Diaminopropane",346,0.18035653217851186,0.0007506874171146833,0.0008379766516629022,True
mOTU_CLR,Fusobacterium nucleatum,C03264_2-Hydroxy-4-methylpentanoate,346,0.2689329879608546,3.810299821146828e-07,7.465077200614194e-07,True
mOTU_CLR,Fusobacterium nucleatum,"C06057_3-Aminopropane-1,2-diol",346,0.31850006626550725,1.347896371665393e-09,4.61146667476908e-09,True
mOTU_CLR,Parvimonas unclassified,C04677_AICAR,346,0.06163671491585908,0.2528527417477479,0.2582325873168489,False
mOTU_CLR,Parvimonas unclassified,C00041_Ala,346,0.20273870376890546,0.000146448268054463,0.00017573792166535558,False
mOTU_CLR,Parvimonas unclassified,C00719_Betaine,346,0.2118073159391584,7.165314304797387e-05,9.422879085760947e-05,False
mOTU_CLR,Parvimonas unclassified,C00576_Betaine aldehyde,346,-0.30128180522422576,1.0824875301176108e-08,2.8086162943592066e-08,False
mOTU_CLR,Parvimonas unclassified,C02256_Castanospermine,346,-0.14830460897298342,0.005710759681624422,0.006091476993732716,False
mOTU_CLR,Parvimonas unclassified,C00114_Choline,346,0.23964739042272842,6.562103834161454e-06,1.0327245378352453e-05,False
mOTU_CLR,Parvimonas unclassified,C00300_Creatine,346,0.2909662140104691,3.5393449822824976e-08,7.901793448816739e-08,False
mOTU_CLR,Parvimonas unclassified,C00491_Cystine,346,0.2734591733153223,2.3782427090192465e-07,4.963289131866254e-07,False
mOTU_CLR,Parvimonas unclassified,C02678_Dodecanedioate,346,-0.34808381071588773,2.7244444144477108e-11,1.2269026110975977e-10,False
mOTU_CLR,Parvimonas unclassified,C00364_dTMP,346,-0.2237869939139684,2.6572105089454197e-05,3.696988534184932e-05,False
mOTU_CLR,Parvimonas unclassified,C00122_Fumarate,346,0.15437240485820616,0.003997296804452708,0.004311690935139999,False
mOTU_CLR,Parvimonas unclassified,C00025_Glu,346,-0.25028210009494134,2.43014838202445e-06,3.954139740243173e-06,False
mOTU_CLR,Parvimonas unclassified,C00191_Glucuronate,346,0.22274699052667682,2.9024910905339322e-05,3.980559209875107e-05,False
mOTU_CLR,Parvimonas unclassified,C01425_Glu-Glu,346,0.21051328076113113,7.949767572574835e-05,0.00010175702492895789,False
mOTU_CLR,Parvimonas unclassified,C00037_Gly,346,0.18978716921348746,0.0003855448076196927,0.0004459313437528975,False
mOTU_CLR,Parvimonas unclassified,C01921_Glycocholate,346,0.1972950569332781,0.0002216388553262308,0.0002626830877940513,False
mOTU_CLR,Parvimonas unclassified,C02037_Gly-Gly,346,0.18707442826036177,0.0004685418229017637,0.0005291766470419919,False
mOTU_CLR,Parvimonas unclassified,C00407_Ile,346,0.20764437410374892,9.986392701060297e-05,0.0001245056752339985,False
mOTU_CLR,Parvimonas unclassified,C00123_Leu,346,0.2087272258232933,9.165982359003604e-05,0.00011578082979794026,False
mOTU_CLR,Parvimonas unclassified,C01042_N-Acetylaspartate,346,-0.2587428770201697,1.0672779010520835e-06,1.9331826132264156e-06,False
mOTU_CLR,Parvimonas unclassified,C00624_N-Acetylglutamate,346,-0.42112423135138005,2.634451359963487e-16,5.058146611129894e-15,False
mOTU_CLR,Parvimonas unclassified,C02721_N-Methylalanine,346,-0.2427942037782717,4.913947124043035e-06,7.862315398468856e-06,False
mOTU_CLR,Parvimonas unclassified,C01046_N-Methylglutamate,346,-0.2606800384253863,8.803874506702363e-07,1.6253306781604363e-06,False
mOTU_CLR,Parvimonas unclassified,C04137_Octopine,346,0.15980740207937824,0.0028729616869483804,0.0031380785262459963,False
mOTU_CLR,Parvimonas unclassified,C01005_O-Phosphoserine,346,0.13793683625588818,0.010205756356092575,0.010766512199833926,False
mOTU_CLR,Parvimonas unclassified,C00079_Phe,346,0.2863149327848031,5.947060947389113e-08,1.297540570339443e-07,False
mOTU_CLR,Parvimonas unclassified,C00408_Pipecolate,346,-0.12193124778364828,0.023310037491418825,0.024061974184690398,False
mOTU_CLR,Parvimonas unclassified,C00042_Succinate,346,0.30152906561113785,1.0515746904530038e-08,2.8041991745413436e-08,False
mOTU_CLR,Parvimonas unclassified,C05122_Taurocholate,346,0.26794969827141796,4.216360319242229e-07,7.936678247985372e-07,False
mOTU_CLR,Parvimonas unclassified,C00183_Val,346,0.23278985953849343,1.2158882026874518e-05,1.7685646584544753e-05,False
mOTU_CLR,Parvimonas unclassified,"C03283_2,4-Diaminobutyrate",346,-0.3144025064792272,2.240115903488008e-09,6.931234638562319e-09,False
mOTU_CLR,Parvimonas unclassified,C02356_2AB,346,0.22193969361935345,3.107501938924344e-05,4.201692762489254e-05,False
mOTU_CLR,Parvimonas unclassified,C03264_2-Hydroxy-4-methylpentanoate,346,0.2959369335288688,2.011598869092933e-08,4.8278372858230395e-08,False
mOTU_CLR,Parvimonas unclassified,2-Hydroxypentanoate,346,0.2683143660582278,4.0611406280637303e-07,7.797390005882363e-07,False
mOTU_CLR,Parvimonas unclassified,C01089_3-Hydroxybutyrate,346,0.25653921299703714,1.3260852385376969e-06,2.3146215072657985e-06,False
mOTU_CLR,Parvimonas unclassified,C05584_4-Hydroxy-3-methoxymandelate,346,0.15978704934185334,0.002876571982392163,0.0031380785262459963,False
mOTU_CLR,Parvimonas unclassified,C00431_5-Aminovalerate,346,0.2981665828250363,1.555763212779641e-08,3.8295709853037316e-08,False
mOTU_CLR,Parvimonas unclassified,C03592_5-Methyl-2'-deoxycytidine,346,-0.2166788341143451,4.8185092447382066e-05,6.424678992984275e-05,False
