species,metabolite,partial_spearman_discovery,partial_spearman_validation,q_bh_family,q_bh_locked,motu_r,motu_p,motu_q,crc_r,crc_p,crc_q,healthy_r,healthy_p,healthy_q,presence_r,presence_p,presence_q,motu_exact,motu_concordant,crc_concordant,presence_concordant,strict_robust
Peptostreptococcus stomatis,C06104_Adipate,-0.2696686659156387,-0.1887728275338935,0.0035734405871034,0.0624980572920924,-0.2718284189567124,2.821234654207141e-07,5.762521846891181e-07,-0.07025139607092945,0.39457044495282967,0.4404507292496704,-0.44878367028294563,1.2113831335053072e-07,8.945598524346884e-07,-0.11658564977688682,0.03014578853572692,0.033651112784067266,True,True,True,True,False
Peptostreptococcus stomatis,C00041_Ala,0.2009462773964311,0.2514462006144293,0.0344693907276829,0.0135211410561369,0.3141512535898989,2.31041154618744e-09,6.931234638562319e-09,0.34936310689412386,1.2595431736493653e-05,0.00011892867333142009,0.24097491051256906,0.006350019414670839,0.013854587813827285,0.26015284593423343,9.278816141308576e-07,2.9692211652187445e-06,True,True,True,True,True
Peptostreptococcus stomatis,C05341_beta-Ala-Lys,0.2646139733343021,0.2387967517818429,0.004074534435462,0.018756928989071,0.31823616719589076,1.3930472246698263e-09,4.61146667476908e-09,0.38581648320165307,1.1779389324735388e-06,2.827053437936493e-05,0.15173661407258668,0.08857689119097825,0.1104335266796612,0.19439645452711377,0.00027512667990432777,0.00044766375035280447,True,True,True,True,True
Peptostreptococcus stomatis,C00576_Betaine aldehyde,-0.2087424062105431,-0.2818078359435229,0.0276690666134237,0.0052913572912233,-0.30095538429657676,1.1246463691752211e-08,2.841211880021611e-08,-0.2155290329604622,0.008295236775208697,0.016943462349362445,-0.23390251188523975,0.008128022315269465,0.016500330406054323,-0.24676552923624756,3.3920404309005953e-06,8.569365299117294e-06,True,True,True,True,True
Peptostreptococcus stomatis,C00114_Choline,0.2063277406703515,0.1910155007620538,0.029790484390854,0.0612171637986699,0.30217292175153204,9.750337449054017e-09,2.6743782717405303e-08,0.3021240720229461,0.00018058618326783648,0.0009124354523006474,0.09642578942433261,0.28083992088184073,0.3134957256355431,0.2925692379189155,2.953260031985522e-08,1.8900864204707343e-07,True,True,True,True,True
Peptostreptococcus stomatis,C00300_Creatine,0.270624695678159,0.2992263548424479,0.0035055471939551,0.0031889849838529,0.3470444814444971,3.147041943320948e-11,1.258816777328379e-10,0.356297279425526,8.204092007984508e-06,9.84491040958141e-05,0.2590219455223857,0.0032765756652274936,0.007671982045410717,0.31822764261189856,1.3945299101348165e-09,3.34687178432356e-08,True,True,True,True,True
Peptostreptococcus stomatis,C02678_Dodecanedioate,-0.2258405586617839,-0.2361378640478569,0.0173033563558883,0.0198013697943992,-0.4172950447331265,5.19378356299811e-16,8.310053700796976e-15,-0.22677827743091414,0.005415855645738626,0.013298630939099753,-0.18349939961640743,0.038917711956093684,0.05414638185195643,-0.16904698990974218,0.001600481216393602,0.002327972678390694,True,True,True,True,True
Peptostreptococcus stomatis,C01425_Glu-Glu,0.3134495278974153,0.1908733925947599,0.0004108433646468,0.0612171637986699,0.31528731904684837,2.008699002038819e-09,6.427836806524221e-09,0.3297270095803237,4.019216791923142e-05,0.00032153734335385137,0.21681299534648932,0.014349324097009102,0.025046092969324977,0.2493590193338645,2.6537410714616454e-06,6.8853822394680524e-06,True,True,True,True,True
Peptostreptococcus stomatis,C01921_Glycocholate,0.3155859950764776,0.2921285620516759,0.0003857370319583,0.0039571116179692,0.3556997362184819,9.31755323498751e-12,5.261677120934123e-11,0.43360103015410606,3.3161788196631566e-08,3.1835316668766304e-06,0.21871996873170035,0.013493684830530374,0.023988773032054,0.2432852803070805,4.69541315382877e-06,1.1557940070963125e-05,True,True,True,True,True
Peptostreptococcus stomatis,C07044_Hydroxyurea,-0.1998685561671198,-0.186256389463144,0.035269208039982,0.0668231863659006,-0.1372537158828339,0.010590286435385432,0.011050733671706536,-0.1899360926958624,0.020335411403375907,0.033658611978001504,-0.020987359101349256,0.8148275407482135,0.8321642969343457,-0.04578602303164219,0.39586312982995076,0.4000301101439503,True,True,True,True,False
Peptostreptococcus stomatis,C00407_Ile,0.2408821960092202,0.2203170189394117,0.0105540875853746,0.0305068809743363,0.26952982703110717,3.5824447803912265e-07,7.164889560782452e-07,0.3227567728221084,5.955998060779692e-05,0.00043982754910373113,0.16815796519308607,0.05878642735980659,0.07425653982291358,0.2561054850919608,1.383658931206109e-06,3.795178782736756e-06,True,True,True,True,True
Peptostreptococcus stomatis,C00123_Leu,0.2201280315497104,0.219929233020687,0.0206686771269348,0.0305068809743363,0.25240164327090703,1.9828734937125927e-06,3.281997506834636e-06,0.28872678398730883,0.0003555673014186311,0.001424277212681729,0.18840896562010487,0.033896187642484525,0.04924055997288208,0.2544342046659345,1.628697623666334e-06,4.343193663110224e-06,True,True,True,True,True
Peptostreptococcus stomatis,C01042_N-Acetylaspartate,-0.1731217379411796,-0.310404284714449,0.0718459857687718,0.0022255893500461,-0.23728726888537988,8.130838787286956e-06,1.2589685864186255e-05,-0.2450564448474866,0.0025938747412312733,0.007545817429036431,-0.17111448219877443,0.05441634348634109,0.0696529196625166,-0.1314848552852227,0.014383356700032478,0.016839051746379487,True,True,True,True,True
Peptostreptococcus stomatis,C00624_N-Acetylglutamate,-0.2950551759343765,-0.2812453968691802,0.001050546623571,0.0052913572912233,-0.43922281058133106,9.451884868972385e-18,3.024603158071163e-16,-0.23808279861730006,0.0034572056801699,0.009482621294180297,-0.19203977740249853,0.03054467538166752,0.04654426724825527,-0.2388902337091708,7.0309239204274825e-06,1.607068324669139e-05,True,True,True,True,True
Peptostreptococcus stomatis,C02997_N-Acetylhistidine,-0.2117086274308206,-0.1929068765877654,0.0267070787147599,0.0593444764835273,-0.01205177440431697,0.8232453396797099,0.8232453396797098,-0.04449279354748645,0.5900270916718123,0.6156804434836303,-0.012608123717551538,0.8881171663792475,0.8881171663792475,-0.0719674395756636,0.18169319210531173,0.1855590047032971,True,True,True,True,False
Peptostreptococcus stomatis,C02721_N-Methylalanine,-0.193704908633688,-0.3449923061699921,0.0424804312854263,0.0009522195592517,-0.25778729917145216,1.172930251552954e-06,2.0852093360941405e-06,-0.26369208592706544,0.001156600749537378,0.0035817313534060734,-0.25063888665815426,0.004481155778717696,0.010242641779926162,-0.2563712732146016,1.3481002652831532e-06,3.795178782736756e-06,True,True,True,True,True
Peptostreptococcus stomatis,C01046_N-Methylglutamate,-0.2564650914927901,-0.2517386034121768,0.006061373063166,0.0135211410561369,-0.30537853670813386,6.674494212885241e-09,1.88456307187348e-08,-0.29005229920692743,0.0003330017159869373,0.001424277212681729,-0.1978540818682979,0.02576424263495288,0.040547004802548796,-0.2338826593126407,1.1034360270649511e-05,2.4074967863235297e-05,True,True,True,True,True
Peptostreptococcus stomatis,C00803_Valerate,-0.1993473619795818,-0.2443988490000632,0.0356781486336179,0.0161143209235156,-0.20596490454318148,0.00011396541270084813,0.00014026512332412076,-0.2114734510640685,0.009626307572037236,0.018859704630930094,-0.2193765303703721,0.013209578670124188,0.023988773032054,-0.13122912144117474,0.014576155295650909,0.01685916757087334,True,True,True,True,True
Peptostreptococcus stomatis,C00079_Phe,0.196736186345974,0.2721669463585174,0.0392360399383703,0.0063643399674209,0.33223422121422086,2.3202147468701504e-10,8.566946757674401e-10,0.31451933694615913,9.365196720803255e-05,0.0005619118032481953,0.22598844409074278,0.010627353083061626,0.020404517919478324,0.29541945476044523,2.1345493201507522e-08,1.7076394561206018e-07,True,True,True,True,True
Peptostreptococcus stomatis,C02656_Pimelate,-0.3419838060259007,-0.2132174516660445,9.8344304208327e-05,0.0369309698629912,-0.3684389391370558,1.450563294578124e-12,9.283605085299993e-12,-0.23172259168499282,0.00446179580634532,0.011898122150254186,-0.37748354614990853,1.2146346598991922e-05,6.85911337354838e-05,-0.20703079336174196,0.00010481403763685387,0.00019350283871419176,True,True,True,True,True
Peptostreptococcus stomatis,C00647_Pyridoxamine 5'-phosphate,-0.1787202565770299,-0.2544065832378167,0.0632358904697038,0.0125463659136806,-0.23675183702878283,8.533397632628756e-06,1.3003272583053343e-05,-0.2886981911966829,0.0003560693031704323,0.001424277212681729,-0.13598435045560683,0.12740782738326842,0.1510018694912811,-0.18397800233021983,0.0005834211547082373,0.0009181709975736194,True,True,True,True,True
Peptostreptococcus stomatis,C08277_Sebacate,-0.3679011813631206,-0.1730849184157903,3.535691257325834e-05,0.0884379370866706,-0.422373271023825,2.1072518193265225e-16,5.057404366383654e-15,-0.18921994374421336,0.020822289109088926,0.03388033482156842,-0.18792473857658634,0.03436580748107395,0.04924055997288208,-0.22916700502270693,1.6717405574699926e-05,3.414619011002538e-05,True,True,True,True,True
Peptostreptococcus stomatis,C00042_Succinate,0.1753027971904856,0.3900952042394774,0.0688344274765139,0.000211166219857,0.32491530438364613,5.990984424396001e-10,2.1301277953408002e-09,0.35433950411063336,9.269163285498467e-06,9.887107504531698e-05,0.27113245026495303,0.0020474265405935094,0.005303656394971658,0.26196797155348595,7.739606213581391e-07,2.6535792732279056e-06,True,True,True,True,True
Peptostreptococcus stomatis,C05122_Taurocholate,0.280018240274747,0.3130609881847995,0.0022975741835813,0.0021751606787103,0.36744398899749214,1.682365911707421e-12,1.0094195470244526e-11,0.4066252934148267,2.6637657478035917e-07,1.2786075589457239e-05,0.2123182648737687,0.016555336088066995,0.027882671306218097,0.31998572151792826,1.1190252015894568e-09,3.34687178432356e-08,True,True,True,True,True
Peptostreptococcus stomatis,C00078_Trp,0.1807613346310865,0.1943280135190757,0.0602228064746574,0.0582234928684832,0.23525117015960118,9.765186070845147e-06,1.4422428658478988e-05,0.30249573744438274,0.0001771399634919025,0.0009124354523006474,0.2239345368500498,0.011377373101437865,0.021416231720353625,0.19831486415901903,0.00020525532978036675,0.0003518662796234859,True,True,True,True,True
Peptostreptococcus stomatis,C00183_Val,0.1930387770612461,0.2049060511575129,0.0424804312854263,0.0444780818937014,0.2792996944014341,1.278119850411121e-07,2.726655680877058e-07,0.30607476725190835,0.00014694714159102233,0.0008298191525140083,0.20653816727002858,0.019820326590449813,0.03280605780488245,0.26204921794329517,7.676780528556331e-07,2.6535792732279056e-06,True,True,True,True,True
Peptostreptococcus stomatis,"C03283_2,4-Diaminobutyrate",-0.198990422912865,-0.1757229525443334,0.0359626486046418,0.0860836326969499,-0.3489886185024372,2.401988832836432e-11,1.2136364629068288e-10,-0.2763119269635377,0.0006470874925434191,0.002389246126314163,-0.17467259229143575,0.04951567216711439,0.0653556641295131,-0.15838419622081268,0.0031355848854428972,0.004426708073566443,True,True,True,True,True
Peptostreptococcus stomatis,C03264_2-Hydroxy-4-methylpentanoate,0.3647897758506545,0.2795023487321501,3.535691257325834e-05,0.0052913572912233,0.3786729859490504,3.0640669638265044e-13,2.67409480479404e-12,0.37450927211985563,2.534130463720661e-06,4.804482193304136e-05,0.26413875196747405,0.0026932170917637597,0.006463721020233024,0.2415990966887863,5.487027517117707e-06,1.3168866041082496e-05,True,True,True,True,True
Peptostreptococcus stomatis,C05984_2-Hydroxybutyrate,0.2308530607587275,0.2746720663991198,0.014406795967429,0.0058472579503969,0.3734728358667418,6.797907564587537e-13,5.019993278464642e-12,0.3480716219969164,1.362724381922522e-05,0.00011892867333142009,0.17453545369156104,0.04969753626515059,0.0653556641295131,0.28360576142269595,8.011346643834852e-08,4.4743947384465187e-07,True,True,True,True,True
Peptostreptococcus stomatis,2-Hydroxypentanoate,0.159466012641772,0.2873021409041807,0.0996683965854185,0.0047729456665612,0.3736871259736467,6.580150614034383e-13,5.019993278464642e-12,0.3719461492781012,3.0028013708150845e-06,4.804482193304136e-05,0.09864706768491825,0.26985437496281367,0.30477670584035427,0.11237177970900629,0.0366813049146802,0.0404759226644747,True,True,True,True,True
Peptostreptococcus stomatis,C01089_3-Hydroxybutyrate,0.2353078863365991,0.2051399158119463,0.0117140515282408,0.0444780818937014,0.2912750075254894,3.418344130507573e-08,7.901793448816739e-08,0.21629941600489627,0.00806167652641755,0.016824368402958364,0.15039389609331433,0.09146714100944311,0.11257494278085307,0.25674193520929306,1.2999690734412338e-06,3.7817282136472254e-06,True,True,True,True,True
Peptostreptococcus stomatis,C00431_5-Aminovalerate,0.2265657603633351,0.2243284655214971,0.0169219442514338,0.0268622116528371,0.35396022674272193,1.1935389939092844e-11,6.365541300849517e-11,0.31922037473479353,7.245006709434149e-05,0.0004968004600754845,0.19037794562797034,0.032042051485566984,0.04806307722835047,0.28646676590912323,5.848028381670127e-08,3.508817029002076e-07,True,True,True,True,True
Gemella morbillorum,C06104_Adipate,-0.2567059061532915,-0.2310824162763397,0.006061373063166,0.0219885933949643,-0.23162279142445727,1.347970735684698e-05,1.905648651552418e-05,-0.17422579967007176,0.03358102636926258,0.05037153955389387,-0.27050092798490055,0.0020993639896762814,0.005303656394971658,-0.1515859096128563,0.004716204661154218,0.006202132157134314,True,True,True,True,True
Gemella morbillorum,C00695_Cholate,0.2146601083697998,0.2160687208971966,0.0250538944198444,0.0339331774875754,0.4059974749318045,3.661048884623967e-15,5.020867041770012e-14,0.10419873078875862,0.20599992853880456,0.23826497758705106,0.14868469144690796,0.09525404107332504,0.11575174611442031,0.19681194479521869,0.00022981973157300915,0.00038706481107033124,True,True,True,True,False
Gemella morbillorum,C00300_Creatine,0.1823316063250684,0.2505586614137663,0.0574138637038031,0.0137092244661222,0.3475405765202527,2.9379147091505645e-11,1.2269026110975977e-10,0.2653996494758782,0.0010709255159176716,0.0034269616509365487,0.09878645542252347,0.2691748674015863,0.30477670584035427,0.2929785199363103,2.8193575598453796e-08,1.8900864204707343e-07,True,True,True,True,True
Gemella morbillorum,C02678_Dodecanedioate,-0.2101498344248384,-0.2791396750352345,0.0272867218382418,0.0052913572912233,-0.44447913698205305,3.462100908832514e-18,1.6618084362396068e-16,-0.21736572190619888,0.007748019096827457,0.01652910740656524,-0.10421332395421493,0.2436183056848493,0.2817753897077775,-0.195674340155706,0.00025021127919297025,0.0004141428069400887,True,True,True,True,True
Gemella morbillorum,C00122_Fumarate,0.2152636343345106,0.3139181366226398,0.0250393327059168,0.0021751606787103,0.19541959197010256,0.0002550034730633998,0.00029854065139129737,0.1572004260260208,0.05553880992552252,0.07509472891338256,0.08256570225555393,0.3560878674303419,0.3798270585923647,0.26076530986854085,8.729278277644561e-07,2.8896921194961304e-06,True,True,True,True,True
Gemella morbillorum,C01921_Glycocholate,0.1638441490828964,0.2297578111089446,0.0897628698999332,0.0227253966775902,0.3114455900066516,3.216629015472577e-09,9.357466226829314e-09,0.21905716434410485,0.007272645922068851,0.015867591102695675,0.11763521222519663,0.1877876125188099,0.21984891221714328,0.19914953119830833,0.00019269642916248047,0.0003363428581745113,True,True,True,True,True
Gemella morbillorum,C01042_N-Acetylaspartate,-0.1750639202913123,-0.237493953241669,0.0688344274765139,0.0191453941968372,-0.2536325512798293,1.7604801480868606e-06,2.9650191967778703e-06,-0.18015357271512947,0.02790956110880724,0.042528855022944366,-0.19338043471650554,0.029380358958739795,0.04549216871030678,-0.10049519775126427,0.06186196283105426,0.06526097177781548,True,True,True,True,True
Gemella morbillorum,C02656_Pimelate,-0.265615683778058,-0.1757194135726657,0.0039630499578709,0.0860836326969499,-0.34860426342781203,2.5341450153569806e-11,1.2163896073713505e-10,-0.20950317880576208,0.010338480949682625,0.019460670022932,-0.1384484977018187,0.12059184606972125,0.1447102152836655,-0.15524576466555112,0.0037932877408735294,0.0050577169878313726,True,True,True,True,True
Gemella morbillorum,C00250_Pyridoxal,-0.1834191186489806,-0.2061324462278611,0.0556684888059439,0.0438422691986323,-0.2365646371443566,8.678563476696013e-06,1.3017845215044019e-05,-0.26983550887217345,0.0008747962078619503,0.002999301284098115,0.07632928052667981,0.3936994981486746,0.41533133870629413,-0.13306350785749416,0.013242043586081298,0.01589045230329756,True,True,True,True,True
Gemella morbillorum,C08277_Sebacate,-0.2113525377813563,-0.1998557210906456,0.0268629662389306,0.0505579009381316,-0.386142362954836,9.512462833994729e-14,9.13196432063494e-13,-0.06818057919373627,0.40868897033735324,0.4423325122221415,-0.09515447208242271,0.28726048953069727,0.3169770918959418,-0.1434087801335556,0.0075461850263968564,0.009287612340180745,True,True,True,True,False
Gemella morbillorum,C00042_Succinate,0.2092248357610088,0.1772062777733949,0.0275658867587372,0.0841170016933694,0.2910329817373954,3.512836564673205e-08,7.901793448816739e-08,0.2196625247181387,0.0071089146288229365,0.015867591102695675,0.2279257633727824,0.009960078477927905,0.019513623140430182,0.22521096780793434,2.353046473492402e-05,4.706092946984804e-05,True,True,True,True,True
Gemella morbillorum,C05122_Taurocholate,0.1955798356957311,0.2078694015593336,0.0410253938569774,0.0433434443175753,0.3719046244048963,8.620508006787039e-13,5.911205490368256e-12,0.2663702609768537,0.0010248560522549005,0.0033926269316024295,0.05293200787000289,0.554500292505769,0.5723873987156326,0.27007448856131994,3.3859817410950873e-07,1.4132793354136017e-06,True,True,True,True,True
Gemella morbillorum,C00378_Thiamine,-0.2506743856451521,-0.1853025554245727,0.0073676477949298,0.0680685724248459,-0.2316071142192137,1.349834461516296e-05,1.905648651552418e-05,-0.3879046636759153,1.0193121290137075e-06,2.827053437936493e-05,-0.17165338409227987,0.053649381809673984,0.06959919802336084,-0.10854117751733525,0.04362866502293865,0.047594907297751246,True,True,True,True,True
Gemella morbillorum,"C00628_2,5-Dihydroxybenzoate",0.1931726724530641,0.1681647284192118,0.0424804312854263,0.0989287315570438,0.034746613600909276,0.5194586895263258,0.524926675731866,0.1880527867561163,0.021637341005377272,0.0345015380306788,0.08520832853280583,0.3408493497288222,0.3676577255501902,0.08933671535683818,0.0971028352224533,0.10023518474575824,True,True,True,True,False
Gemella morbillorum,C00431_5-Aminovalerate,0.1599462700535694,0.1830810575202645,0.0986580474249947,0.0720612678211938,0.3366390672243004,1.295012116029316e-10,4.972846525552574e-10,0.28477860875189814,0.00043144018832022855,0.0016567303231496777,-0.01335719205332638,0.8815171575015979,0.8881171663792475,0.2577862489121067,1.1730517042310305e-06,3.5191551126930914e-06,True,True,True,True,True
Fusobacterium nucleatum,C08261_Azelate,-0.1850955302631215,-0.1899502090073458,0.053993462845036,0.0615981230481397,-0.34753680037784984,2.939454172421328e-11,1.2269026110975977e-10,-0.0840114499411559,0.308366292156117,0.35241861960699084,-0.17645982849317082,0.04719557426706622,0.06381373422025856,-0.1334179418725922,0.012997036944572594,0.01579386767948062,True,True,True,True,False
Fusobacterium nucleatum,C00576_Betaine aldehyde,-0.1667843339435564,-0.2338377198358592,0.0842589615985877,0.0205492203255441,-0.25591446611260255,1.4097673219028249e-06,2.4167439804048427e-06,0.006135551230152936,0.9408004012128769,0.9408004012128769,-0.18151145111901518,0.041121519924299195,0.05639522732475318,-0.09527882715690984,0.07674318963426069,0.08007985005314158,True,True,False,True,False
Fusobacterium nucleatum,C00294_Inosine,-0.2393222545883513,-0.2776012232949531,0.0105540875853746,0.0054120058517744,-0.18924280580886235,0.00040101386367737845,0.0004583015584884325,-0.17065221812701153,0.03745026268815293,0.0539398388152778,-0.20134307472737223,0.023214576447771317,0.03777287015230587,-0.14588909743384132,0.006559197501646192,0.008177700781273174,True,True,True,True,True
Fusobacterium nucleatum,C01042_N-Acetylaspartate,-0.1878933938232438,-0.1750092765741998,0.050702172779216,0.0870033180965555,-0.2113991599034674,7.404505395221753e-05,9.605844837044436e-05,-0.013926752856723495,0.8661316028746676,0.8845599348507244,-0.26950597561246414,0.002183615957299018,0.00537505466412066,-0.10435831162403181,0.052446466909772914,0.05657146992514831,True,True,True,True,False
Fusobacterium nucleatum,C04501_N-Acetylglucosamine 1-phosphate,-0.1653536503906766,-0.2077006520644632,0.0862105977859186,0.0433434443175753,-0.2034634573875388,0.00013847280456986543,0.00016827074985705166,-0.19763513492754115,0.015691751719305487,0.02690014580452369,-0.21358437849560774,0.0159059808873637,0.027267395806909202,0.010062228601561649,0.8520560661943098,0.8520560661943098,True,True,True,False,False
Fusobacterium nucleatum,C00624_N-Acetylglutamate,-0.1854081592985885,-0.3240637533692561,0.053993462845036,0.0017158330263092,-0.3907685111168933,4.540624651172472e-14,5.448749581406967e-13,-0.06803395274904325,0.40969980484702007,0.4423325122221415,-0.3221665378656644,0.00022099773529626134,0.0007857697254978181,-0.20358385308035,0.00013718804888970912,0.000248491560253058,True,True,True,True,False
Fusobacterium nucleatum,C08277_Sebacate,-0.1875781264346002,-0.3267304769217454,0.0510364170056841,0.0017158330263092,-0.3882489982078756,6.80240588081733e-14,7.255899606205153e-13,0.061330019318985296,0.45746756814731215,0.4879654060237996,-0.23348567076600715,0.008245375131981899,0.016500330406054323,-0.10400308652995727,0.0532592344990182,0.05680985013228607,True,True,False,True,False
Fusobacterium nucleatum,C00398_Tryptamine,0.1870355317708722,0.23313621909498,0.0518904544675353,0.0207016413445107,0.45883904891782373,2.034779957159565e-19,1.9533887588731823e-17,0.2974873804358726,0.00022916129270583206,0.001099974204987994,0.20023939017678233,0.023996635377421055,0.03839461660387369,0.1555501505788689,0.0037244305714812576,0.005038856947817143,True,True,True,True,True
Fusobacterium nucleatum,"C00986_1,3-Diaminopropane",0.1701690156409475,0.3012355200671417,0.0775621803623455,0.0030809256483661,0.18035653217851186,0.0007506874171146833,0.0008379766516629022,0.31637789300198205,8.465739466089144e-05,0.0005418073258297052,0.1896953080297255,0.032674902640092894,0.048258317745367964,0.292895103200421,2.8461636563203963e-08,1.8900864204707343e-07,True,True,True,True,True
Fusobacterium nucleatum,C03264_2-Hydroxy-4-methylpentanoate,0.2104524970493734,0.2163448595138947,0.0272867218382418,0.0339331774875754,0.2689329879608546,3.810299821146828e-07,7.465077200614194e-07,0.19110647820561447,0.019560871521431034,0.032944625720304904,0.2482713769977453,0.004886568375328242,0.010909548000732822,0.156397058079956,0.0035387576965944098,0.004923488969174831,True,True,True,True,True
Fusobacterium nucleatum,"C06057_3-Aminopropane-1,2-diol",0.1881919786307666,0.3713454788196574,0.050702172779216,0.0003344721543621,0.31850006626550725,1.347896371665393e-09,4.61146667476908e-09,0.36691202479983154,4.173036552157666e-06,5.7230215572447994e-05,0.05883982870459189,0.5111136516024976,0.5333359842808669,0.13006429052265298,0.015483307292573661,0.0176952083343699,True,True,True,True,True
Parvimonas unclassified,C04677_AICAR,0.1603497614260002,0.1743132803675646,0.0986580474249947,0.0878995665648402,0.06163671491585908,0.2528527417477479,0.2582325873168489,0.22528095800999268,0.005738742696092167,0.013300326196355535,0.09259275223430163,0.3004931920679173,0.3278107549831825,0.1460184659448242,0.006511044614126217,0.008177700781273174,False,True,True,True,True
Parvimonas unclassified,C00041_Ala,0.2084947790001511,0.1887727706791818,0.0276690666134237,0.0624980572920924,0.20273870376890546,0.000146448268054463,0.00017573792166535558,0.058148073744451925,0.4811797691839941,0.5076182180402575,0.45340823921400725,8.648649077025119e-08,6.918919261620096e-07,0.27038184547985267,3.279730543568086e-07,1.4132793354136017e-06,False,True,True,True,False
Parvimonas unclassified,C00719_Betaine,0.1829044861115693,0.2483031136848504,0.0563851020560144,0.0146871075025803,0.2118073159391584,7.165314304797387e-05,9.422879085760947e-05,0.07344014062882738,0.3734099735878396,0.4217336172286189,0.5746651900150219,1.6086678631600716e-12,7.721605743168343e-11,0.3089650928644818,4.343946451328499e-09,8.340377186550719e-08,False,True,True,True,False
Parvimonas unclassified,C00576_Betaine aldehyde,-0.3426368335557652,-0.2859379053327465,9.8344304208327e-05,0.0049014528669352,-0.30128180522422576,1.0824875301176108e-08,2.8086162943592066e-08,-0.20658645618450328,0.011477937087034634,0.020790225667081597,-0.4582788859165744,6.032117411395847e-08,5.599469166635473e-07,-0.23937505844292598,6.727190298539774e-06,1.575146996731264e-05,False,True,True,True,True
Parvimonas unclassified,C02256_Castanospermine,-0.1732136282944021,-0.1737687643165286,0.0718459857687718,0.0884183575323614,-0.14830460897298342,0.005710759681624422,0.006091476993732716,-0.17048028999756581,0.03764551250649597,0.0539398388152778,-0.2190568689975166,0.013347242582130183,0.023988773032054,-0.12694875340078463,0.018156860520099224,0.02050657188152383,False,True,True,True,True
Parvimonas unclassified,C00114_Choline,0.2276505858008763,0.2355358700265076,0.0162402065033496,0.0199038950141257,0.23964739042272842,6.562103834161454e-06,1.0327245378352453e-05,0.10541410836921622,0.20073003416703586,0.23500101561018832,0.4792059897272205,1.2014368432319327e-08,1.2815326327807284e-07,0.32008863279310423,1.1046515548339291e-09,3.34687178432356e-08,False,True,True,True,False
Parvimonas unclassified,C00300_Creatine,0.282379904989281,0.3008558997639473,0.0020786711645954,0.0030809256483661,0.2909662140104691,3.5393449822824976e-08,7.901793448816739e-08,0.1562279326510826,0.057086968920523284,0.0755372082256537,0.4959360733671997,3.0526839724121025e-09,4.186538019308026e-08,0.30633579473594863,5.954947388093987e-09,9.115215503273976e-08,False,True,True,True,True
Parvimonas unclassified,C00491_Cystine,0.2098382910109666,0.3684435302165486,0.0272867218382418,0.0003344721543621,0.2734591733153223,2.3782427090192465e-07,4.963289131866254e-07,0.24238430838033556,0.0028984902459630825,0.008183972459189878,0.6555512189768631,6.106433932615798e-17,5.862176575311166e-15,0.3617660156831089,3.882594295248151e-12,3.727290523438225e-10,False,True,True,True,True
Parvimonas unclassified,C02678_Dodecanedioate,-0.2448909582015458,-0.2403652736394128,0.0091121218618048,0.0181330955165117,-0.34808381071588773,2.7244444144477108e-11,1.2269026110975977e-10,-0.16307574624312413,0.04690559755607155,0.06525996181714303,-0.36811692117535655,2.063061883595735e-05,0.00010423891622378449,-0.1730095181047307,0.0012339463725461323,0.0018509195588191983,False,True,True,True,True
Parvimonas unclassified,C00364_dTMP,-0.159849209647592,-0.1684901592166255,0.0986580474249947,0.0989287315570438,-0.2237869939139684,2.6572105089454197e-05,3.696988534184932e-05,-0.1423399595217687,0.08333118500998632,0.10526044422314061,-0.23634688552040523,0.007469123911964187,0.015934131012190267,-0.1317003455048026,0.014222640103874574,0.016839051746379487,False,True,True,True,False
Parvimonas unclassified,C00122_Fumarate,0.2159072771074574,0.3266508093467327,0.0245683211226693,0.0017158330263092,0.15437240485820616,0.003997296804452708,0.004311690935139999,0.06797898912189572,0.4100790998726103,0.4423325122221415,0.48390740516901665,8.23577786901445e-09,9.882933442817339e-08,0.22232955646567354,3.0068438780886564e-05,5.77314024593022e-05,False,True,True,True,False
Parvimonas unclassified,C00025_Glu,-0.2142633061968375,-0.3586077194369818,0.0250538944198444,0.0005044464630391,-0.25028210009494134,2.43014838202445e-06,3.954139740243173e-06,-0.2721470175527298,0.000786208975220554,0.002795409689673081,-0.23346876794485782,0.008250165203027161,0.016500330406054323,-0.21859942813499658,4.110534332912895e-05,7.737476391365448e-05,False,True,True,True,True
Parvimonas unclassified,C00191_Glucuronate,0.1845283932210782,0.3214394033175701,0.0543497636949588,0.0017158330263092,0.22274699052667682,2.9024910905339322e-05,3.980559209875107e-05,0.1560093718896049,0.05743975208825751,0.0755372082256537,0.5223750723572262,2.9956442372272365e-10,7.1895461693453676e-09,0.28153487422259316,1.0039177627290303e-07,5.07242659063089e-07,False,True,True,True,True
Parvimonas unclassified,C01425_Glu-Glu,0.2422526507401242,0.2851630816874721,0.0101048146882191,0.0049039697220093,0.21051328076113113,7.949767572574835e-05,0.00010175702492895789,0.2099007356106827,0.010191152963500686,0.019460670022932,0.36511115656015397,2.436935406671051e-05,0.00011697289952021044,0.22470891746587127,2.4563110292023966e-05,4.812364465376124e-05,False,True,True,True,True
Parvimonas unclassified,C00037_Gly,0.1702305021004544,0.2065697583486857,0.0775621803623455,0.0438422691986323,0.18978716921348746,0.0003855448076196927,0.0004459313437528975,0.14669069639673923,0.07423245531842568,0.09501754280758487,0.43072698394884346,4.308629012302611e-07,2.757522567873671e-06,0.30206953845128126,9.869496493757327e-09,9.474716634007034e-08,False,True,True,True,True
Parvimonas unclassified,C01921_Glycocholate,0.2069209321718301,0.2475152582166068,0.0292476132774478,0.0148397300136213,0.1972950569332781,0.0002216388553262308,0.0002626830877940513,0.20333056380666745,0.012878878453402659,0.02289578391716028,0.4068648868329616,2.0664772284392162e-06,1.2398863370635298e-05,0.15133442642219264,0.004786500977008894,0.006209514780984512,False,True,True,True,True
Parvimonas unclassified,C02037_Gly-Gly,0.2638753057073706,0.1903436933429083,0.0041258325340543,0.0615354835453805,0.18707442826036177,0.0004685418229017637,0.0005291766470419919,0.1190555208117747,0.14813021429372622,0.17775625715247148,0.2911058131451912,0.0008989697353377167,0.0025382674880123765,0.18270131250835414,0.0006379848201510971,0.0009878474634597632,False,True,True,True,False
Parvimonas unclassified,C00407_Ile,0.2220742199904398,0.2953364351571484,0.0194600493526644,0.003535526801719,0.20764437410374892,9.986392701060297e-05,0.0001245056752339985,0.15926350374989323,0.05236898971279161,0.07182032874897135,0.2978218591024703,0.0006723707925007271,0.002017112377502181,0.26722411617098185,4.5423216328348067e-07,1.7442515070085658e-06,False,True,True,True,True
Parvimonas unclassified,C00123_Leu,0.1860492053823609,0.276457624186407,0.0534087851667874,0.0055448725060106,0.2087272258232933,9.165982359003604e-05,0.00011578082979794026,0.166597650691841,0.04228838064859948,0.05970124326861104,0.2930423517469475,0.0008273433583019326,0.002406817042332895,0.2664733988323051,4.904991259585765e-07,1.8110736958470517e-06,False,True,True,True,True
Parvimonas unclassified,C01042_N-Acetylaspartate,-0.1939345623502841,-0.3250646814181243,0.0424804312854263,0.0017158330263092,-0.2587428770201697,1.0672779010520835e-06,1.9331826132264156e-06,-0.2264291892839629,0.005489647452178737,0.013298630939099753,-0.28335689493700145,0.0012460458736389068,0.0034177258248381443,-0.15554023980052778,0.0037266546176564284,0.005038856947817143,False,True,True,True,True
Parvimonas unclassified,C00624_N-Acetylglutamate,-0.3269450781280779,-0.3732017735591673,0.0002034783915677,0.0003344721543621,-0.42112423135138005,2.634451359963487e-16,5.058146611129894e-15,-0.23017677536645983,0.004742472492308549,0.012304793493557316,-0.4338406076872334,3.479988069628198e-07,2.386277533459336e-06,-0.3026472453779083,9.221249580294193e-09,9.474716634007034e-08,False,True,True,True,True
Parvimonas unclassified,C02721_N-Methylalanine,-0.2082634197961911,-0.4484233867377807,0.0276928240764322,6.1498071860493486e-06,-0.2427942037782717,4.913947124043035e-06,7.862315398468856e-06,-0.22492095319738103,0.005818892710905547,0.013300326196355535,-0.45745010493506216,6.416058420103147e-08,5.599469166635473e-07,-0.30226825272659524,9.641694144076211e-09,9.474716634007034e-08,False,True,True,True,True
Parvimonas unclassified,C01046_N-Methylglutamate,-0.2142951223588371,-0.2385079672683948,0.0250538944198444,0.018756928989071,-0.2606800384253863,8.803874506702363e-07,1.6253306781604363e-06,-0.12398945265341316,0.13192411776971394,0.1603128519733233,-0.30491609430801425,0.000490957888615721,0.0016252399071416972,-0.18703839305002182,0.0004697484226207678,0.0007515974761932285,False,True,True,True,False
Parvimonas unclassified,C04137_Octopine,0.3029207587401772,0.2588655875293258,0.0006921246189647,0.0106884532805164,0.15980740207937824,0.0028729616869483804,0.0031380785262459963,0.21267553136723313,0.009213387858173423,0.018426775716346846,0.18362711303164087,0.038779586060531855,0.05414638185195643,0.25879633907168176,1.0616446575570345e-06,3.287673778241139e-06,False,True,True,True,True
Parvimonas unclassified,C01005_O-Phosphoserine,0.172716098453523,0.2337794494191234,0.0722482036363753,0.0205492203255441,0.13793683625588818,0.010205756356092575,0.010766512199833926,0.13209483770198033,0.10829837200393523,0.13502134691399717,0.2803858084170149,0.0014087936233209933,0.003756782995522649,0.18051224008739397,0.0007426671238860702,0.0011316832363978213,False,True,True,True,False
Parvimonas unclassified,C00079_Phe,0.1782840947865764,0.2967182361935128,0.063649156045413,0.0034477417273145,0.2863149327848031,5.947060947389113e-08,1.297540570339443e-07,0.2007359186581309,0.014100324835423068,0.02461147607637481,0.3534485221065659,4.57878162563172e-05,0.00019980138002756597,0.3054138545654291,6.6465113044706064e-09,9.115215503273976e-08,False,True,True,True,True
Parvimonas unclassified,C00408_Pipecolate,-0.1748439345836182,-0.3118269417208089,0.0688344274765139,0.0021867391054211,-0.12193124778364828,0.023310037491418825,0.024061974184690398,-0.17362274806193967,0.03420917720023091,0.050524323249571804,-0.29802569216563585,0.0006663968692932444,0.002017112377502181,-0.26866063276184204,3.9188444935887905e-07,1.5675377974355162e-06,False,True,True,True,True
Parvimonas unclassified,C00042_Succinate,0.2686122149456284,0.33530099186108,0.0036706010120894,0.00142992817017,0.30152906561113785,1.0515746904530038e-08,2.8041991745413436e-08,0.25163634007010055,0.0019633861259417463,0.005890158377825239,0.5301599434142704,1.4547473516370568e-10,4.655191525238582e-09,0.2360386003300922,9.099167205198777e-06,2.031441980695541e-05,False,True,True,True,True
Parvimonas unclassified,C05122_Taurocholate,0.3080001849767089,0.3173360872426221,0.0005609422849623,0.0019812902640371,0.26794969827141796,4.216360319242229e-07,7.936678247985372e-07,0.2071051672401895,0.011267572900211109,0.020790225667081597,0.4974671661773041,2.682955958577182e-09,4.186538019308026e-08,0.275896268349527,1.838594962536034e-07,8.405005543021869e-07,False,True,True,True,True
Parvimonas unclassified,C00183_Val,0.2096555515473337,0.278718154422697,0.0272867218382418,0.0052913572912233,0.23278985953849343,1.2158882026874518e-05,1.7685646584544753e-05,0.15536525034374643,0.05848988977741576,0.07587877592745829,0.3439890793165341,7.50217210344455e-05,0.000300086884137782,0.3003480842262796,1.2073478548435808e-08,1.0536854005907615e-07,False,True,True,True,True
Parvimonas unclassified,"C03283_2,4-Diaminobutyrate",-0.2250592975311087,-0.2062247691169435,0.0175108769777556,0.0438422691986323,-0.3144025064792272,2.240115903488008e-09,6.931234638562319e-09,-0.18765288629158638,0.021922852290327154,0.0345015380306788,-0.32656672350977295,0.00017888897176910912,0.0006605131265320953,-0.1693664317868895,0.0015675950598773528,0.002315217319203475,False,True,True,True,True
Parvimonas unclassified,C02356_2AB,0.1773912052267141,0.194442685715672,0.0651914153273426,0.0582234928684832,0.22193969361935345,3.107501938924344e-05,4.201692762489254e-05,0.00881669949754187,0.9150133098222389,0.9246450288729993,0.3697780634509682,1.8803034502123427e-05,0.00010028285067799162,0.23071537747721302,1.4599679954310332e-05,3.0468897295951998e-05,False,True,True,True,False
Parvimonas unclassified,C03264_2-Hydroxy-4-methylpentanoate,0.2453954274101123,0.2790460339808921,0.0090655946209542,0.0052913572912233,0.2959369335288688,2.011598869092933e-08,4.8278372858230395e-08,0.29393075178003364,0.00027436574280271397,0.0012542433956695496,0.31881929628036304,0.0002589965072806596,0.0008879880249622615,0.23270178220942753,1.2254108522508962e-05,2.6142098181352454e-05,False,True,True,True,True
Parvimonas unclassified,2-Hydroxypentanoate,0.1916878648379572,0.3020698321891336,0.0441203514864517,0.0030809256483661,0.2683143660582278,4.0611406280637303e-07,7.797390005882363e-07,0.2261882714990827,0.005541096224624897,0.013298630939099753,0.34519785427794636,7.049600980662946e-05,0.00029424421484506213,0.16107952060171543,0.002655313005466411,0.0038046275899220215,False,True,True,True,True
Parvimonas unclassified,C01089_3-Hydroxybutyrate,0.1728178396835836,0.3219805557860148,0.0722482036363753,0.0017158330263092,0.25653921299703714,1.3260852385376969e-06,2.3146215072657985e-06,-0.016554932465986185,0.8411751388452193,0.8683098207434521,0.519899755546559,3.754768965315016e-10,7.2091564134048296e-09,0.2800657674369315,1.1768796861883226e-07,5.649022493703949e-07,False,True,False,True,False
Parvimonas unclassified,C05584_4-Hydroxy-3-methoxymandelate,0.1772730376156522,0.1925966406673864,0.0651914153273426,0.0593444764835273,0.15978704934185334,0.002876571982392163,0.0031380785262459963,0.10770764396110104,0.1910518315519777,0.22643180035789948,0.3014816274311551,0.0005722527178344674,0.0018312086970702958,0.2030606682043056,0.00014285351014412114,0.0002539617958117709,False,True,True,True,False
Parvimonas unclassified,C00431_5-Aminovalerate,0.2036293437620447,0.2445181216059289,0.0326146412773361,0.0161143209235156,0.2981665828250363,1.555763212779641e-08,3.8295709853037316e-08,0.1314634103349956,0.11001074407287016,0.13539783885891712,0.35641168875215723,3.909890320404623e-05,0.00017873784321849705,0.28318383275370856,8.389490134587223e-08,4.4743947384465187e-07,False,True,True,True,False
Parvimonas unclassified,C03592_5-Methyl-2'-deoxycytidine,-0.1843047992033984,-0.2415607530057835,0.0545087252359886,0.0176513532753078,-0.2166788341143451,4.8185092447382066e-05,6.424678992984275e-05,-0.18279589134887378,0.025657827825459553,0.039728249536195435,-0.3282538627662042,0.0001648210362749918,0.0006329127792959685,-0.1509223965882541,0.004903716914281944,0.006276757650280889,False,True,True,True,True
