patient,site,celltype,n_cells,total_cells,proportion
HCC01,Tumor,B,11,3368,0.0032660332541567696
HCC01,Tumor,Endothelial,436,3368,0.12945368171021376
HCC01,Tumor,Fibroblast,208,3368,0.06175771971496437
HCC01,Tumor,Hepatocyte,71,3368,0.021080760095011877
HCC01,Tumor,Myeloid,1530,3368,0.45427553444180524
HCC01,Tumor,T/NK,1112,3368,0.33016627078384797
HCC02,Tumor,B,1033,4101,0.25188978297976106
HCC02,Tumor,Endothelial,14,4101,0.003413801511826384
HCC02,Tumor,Fibroblast,13,4101,0.0031699585466959277
HCC02,Tumor,Hepatocyte,2157,4101,0.5259692757863935
HCC02,Tumor,Myeloid,503,4101,0.12265301146061935
HCC02,Tumor,T/NK,381,4101,0.09290416971470374
HCC03,Normal,B,121,2601,0.04652056901191849
HCC03,Normal,Endothelial,218,2601,0.08381391772395233
HCC03,Normal,Fibroblast,21,2601,0.008073817762399077
HCC03,Normal,Hepatocyte,827,2601,0.31795463283352554
HCC03,Normal,Myeloid,1000,2601,0.3844675124951942
HCC03,Normal,T/NK,414,2601,0.15916955017301038
HCC03,Tumor,B,71,4825,0.014715025906735752
HCC03,Tumor,Endothelial,20,4825,0.004145077720207254
HCC03,Tumor,Fibroblast,10,4825,0.002072538860103627
HCC03,Tumor,Hepatocyte,3474,4825,0.72
HCC03,Tumor,Myeloid,1047,4825,0.21699481865284975
HCC03,Tumor,T/NK,203,4825,0.04207253886010363
HCC04,Normal,B,188,3396,0.05535924617196702
HCC04,Normal,Endothelial,477,3396,0.14045936395759717
HCC04,Normal,Fibroblast,68,3396,0.020023557126030624
HCC04,Normal,Hepatocyte,326,3396,0.09599528857479388
HCC04,Normal,Myeloid,829,3396,0.24411071849234395
HCC04,Normal,T/NK,1508,3396,0.44405182567726736
HCC04,Tumor,B,24,3501,0.006855184233076264
HCC04,Tumor,Endothelial,30,3501,0.00856898029134533
HCC04,Tumor,Fibroblast,90,3501,0.02570694087403599
HCC04,Tumor,Hepatocyte,2454,3501,0.700942587832048
HCC04,Tumor,Myeloid,650,3501,0.1856612396458155
HCC04,Tumor,T/NK,253,3501,0.07226506712367894
HCC05,Normal,B,190,4656,0.040807560137457045
HCC05,Normal,Endothelial,348,4656,0.07474226804123711
HCC05,Normal,Fibroblast,27,4656,0.005798969072164949
HCC05,Normal,Hepatocyte,53,4656,0.01138316151202749
HCC05,Normal,Myeloid,856,4656,0.18384879725085912
HCC05,Normal,T/NK,3182,4656,0.6834192439862543
HCC05,Tumor,B,75,3353,0.022368028631076647
HCC05,Tumor,Endothelial,523,3353,0.15597971965404114
HCC05,Tumor,Fibroblast,172,3353,0.05129734566060245
HCC05,Tumor,Hepatocyte,1226,3353,0.3656427080226663
HCC05,Tumor,Myeloid,971,3353,0.28959141067700567
HCC05,Tumor,T/NK,386,3353,0.11512078735460782
HCC06,Normal,B,183,4465,0.04098544232922732
HCC06,Normal,Endothelial,219,4465,0.049048152295632697
HCC06,Normal,Fibroblast,87,4465,0.01948488241881299
HCC06,Normal,Hepatocyte,248,4465,0.05554311310190369
HCC06,Normal,Myeloid,1003,4465,0.22463605823068308
HCC06,Normal,T/NK,2725,4465,0.6103023516237402
HCC06,Tumor,B,445,4308,0.10329619312906221
HCC06,Tumor,Endothelial,554,4308,0.12859795728876508
HCC06,Tumor,Fibroblast,568,4308,0.13184772516248838
HCC06,Tumor,Hepatocyte,239,4308,0.055478180129990715
HCC06,Tumor,Myeloid,851,4308,0.19753946146703807
HCC06,Tumor,T/NK,1651,4308,0.38324048282265555
HCC07,Normal,B,173,3740,0.04625668449197861
HCC07,Normal,Endothelial,172,3740,0.045989304812834225
HCC07,Normal,Fibroblast,20,3740,0.0053475935828877
HCC07,Normal,Hepatocyte,53,3740,0.014171122994652407
HCC07,Normal,Myeloid,836,3740,0.2235294117647059
HCC07,Normal,T/NK,2486,3740,0.6647058823529411
HCC07,PVTT,B,139,1829,0.07599781301257517
HCC07,PVTT,Endothelial,28,1829,0.01530891197375615
HCC07,PVTT,Fibroblast,87,1829,0.047566976489885185
HCC07,PVTT,Hepatocyte,150,1829,0.08201202843083652
HCC07,PVTT,Myeloid,1189,1829,0.6500820120284309
HCC07,PVTT,T/NK,236,1829,0.12903225806451613
HCC07,Tumor,B,75,510,0.14705882352941177
HCC07,Tumor,Fibroblast,11,510,0.021568627450980392
HCC07,Tumor,Hepatocyte,85,510,0.16666666666666666
HCC07,Tumor,Myeloid,237,510,0.4647058823529412
HCC07,Tumor,T/NK,102,510,0.2
HCC08,Normal,B,156,4795,0.03253388946819604
HCC08,Normal,Endothelial,136,4795,0.028362877997914496
HCC08,Normal,Fibroblast,61,4795,0.012721584984358707
HCC08,Normal,Hepatocyte,42,4795,0.008759124087591242
HCC08,Normal,Myeloid,331,4795,0.06903023983315953
HCC08,Normal,T/NK,4069,4795,0.84859228362878
HCC08,PVTT,B,39,4142,0.009415741187831965
HCC08,PVTT,Endothelial,51,4142,0.012312892322549493
HCC08,PVTT,Fibroblast,103,4142,0.024867213906325448
HCC08,PVTT,Hepatocyte,3179,4142,0.7675036214389184
HCC08,PVTT,Myeloid,422,4142,0.10188314823756639
HCC08,PVTT,T/NK,348,4142,0.08401738290680831
HCC08,Tumor,B,77,4833,0.015932133250569004
HCC08,Tumor,Endothelial,42,4833,0.008690254500310366
HCC08,Tumor,Fibroblast,346,4833,0.07159114421684254
HCC08,Tumor,Hepatocyte,1842,4833,0.38112973308504033
HCC08,Tumor,Myeloid,1188,4833,0.24581005586592178
HCC08,Tumor,T/NK,1338,4833,0.27684667908131594
HCC09,Normal,B,279,1962,0.14220183486238533
HCC09,Normal,Endothelial,147,1962,0.07492354740061162
HCC09,Normal,Fibroblast,69,1962,0.035168195718654434
HCC09,Normal,Hepatocyte,140,1962,0.07135575942915393
HCC09,Normal,Myeloid,335,1962,0.1707441386340469
HCC09,Normal,T/NK,992,1962,0.5056065239551478
HCC09,Tumor,B,57,2816,0.020241477272727272
HCC09,Tumor,Endothelial,50,2816,0.01775568181818182
HCC09,Tumor,Fibroblast,142,2816,0.05042613636363636
HCC09,Tumor,Hepatocyte,1489,2816,0.5287642045454546
HCC09,Tumor,Myeloid,437,2816,0.1551846590909091
HCC09,Tumor,T/NK,641,2816,0.2276278409090909
HCC10,Lymph,B,249,2843,0.08758353851565248
HCC10,Lymph,Endothelial,28,2843,0.009848751319029195
HCC10,Lymph,Fibroblast,66,2843,0.02321491382342596
HCC10,Lymph,Hepatocyte,1463,2843,0.5145972564192755
HCC10,Lymph,Myeloid,552,2843,0.19416109743228985
HCC10,Lymph,T/NK,485,2843,0.17059444249032713
HCC10,Normal,B,67,3072,0.021809895833333332
HCC10,Normal,Endothelial,142,3072,0.046223958333333336
HCC10,Normal,Fibroblast,64,3072,0.020833333333333332
HCC10,Normal,Hepatocyte,99,3072,0.0322265625
HCC10,Normal,Myeloid,385,3072,0.12532552083333334
HCC10,Normal,T/NK,2315,3072,0.7535807291666666
HCC10,Tumor,B,33,2799,0.011789924973204717
HCC10,Tumor,Endothelial,9,2799,0.003215434083601286
HCC10,Tumor,Fibroblast,33,2799,0.011789924973204717
HCC10,Tumor,Hepatocyte,1165,2799,0.41622007859949983
HCC10,Tumor,Myeloid,795,2799,0.2840300107181136
HCC10,Tumor,T/NK,764,2799,0.27295462665237585
