genus,PRJNA784025_discovery_estimate,PRJNA784025_discovery_se,PRJNA784025_discovery_p,PRJNA784025_discovery_hcc_n,PRJNA784025_discovery_cirrhosis_n,PRJNA784025_validation_estimate,PRJNA784025_validation_se,PRJNA784025_validation_p,PRJNA784025_validation_hcc_n,PRJNA784025_validation_cirrhosis_n,PRJEB54571_external_estimate,PRJEB54571_external_se,PRJEB54571_external_p,PRJEB54571_external_hcc_n,PRJEB54571_external_cirrhosis_n,age_adjusted_estimate,age_adjusted_se_hc3,age_adjusted_p_hc3,age_adjusted_n,random_estimate,random_se,random_ci_low,random_ci_high,random_p,hksj_se_modified,hksj_ci_low_modified,hksj_ci_high_modified,hksj_p_modified,hksj_df,hksj_scale,tau2_dl,q,q_p,i2_percent,three_cohort_direction_concordant,selected_in_discovery_q_lt_0_10,locked_validation_pass,external_age_adjusted_pass
Adlercreutzia,-0.9658584900552611,0.24756230056321538,0.00022193305476177053,30,59,-0.974979759275431,0.3059124503815286,0.0022612663179338932,25,40,0.6360764220990165,0.2701807189903235,0.025475976189735485,95,10,0.8040461660828122,0.32482733556726545,0.01331230805027792,104,-0.43317671634629834,0.5406726048507655,-1.4928950218537986,0.6265415891612021,0.42302676397170014,0.5406726048507655,-2.759503175479368,1.8931497427867714,0.5070835992060787,2,0.982414585754253,0.801227070565822,23.428163109697113,8.177847736652472e-06,91.46326585385526,False,True,True,False
Agathobacter,-0.3151304618202424,0.20060362288095943,0.1201422421315737,30,59,0.469553943976043,0.22481041637570026,0.04113099864361699,25,40,0.2573040108991047,0.9635726824157042,0.7942453108681987,95,10,0.40342153559191707,1.035885642324615,0.6969462382077021,104,0.08783322436649534,0.3355630988037784,-0.5698704492889103,0.7455368980219009,0.7935151470921742,0.3355630988037784,-1.3559782586868778,1.5316447074198687,0.8180066311998113,2,0.6294126853054759,0.20476636309112453,6.835592689657799,0.03278460135117223,70.74138131392783,False,False,False,False
Alistipes,0.13242437742157742,0.2545749858669329,0.6043436949981073,30,59,-0.09103300631928146,0.25556437940093535,0.7229623365290547,25,40,2.0437820020557047,1.1499722877851781,0.10481342798226821,95,10,1.4752687285396782,1.294482381534134,0.25442831993011694,104,0.12335458846910709,0.2670249808007094,-0.4000143739002834,0.6467235508384975,0.6441107350621547,0.3229856116791993,-1.2663403352749778,1.5130495122131922,0.7392819093834437,2,1.4630614480265967,0.08515349400712141,3.4030984290252855,0.18240072719910722,41.230027819887674,False,False,False,False
Allisonella,0.4331269439735408,0.2609528003254739,0.1030552687094759,30,59,0.33062293646051844,0.2862117885620454,0.25352478857015764,25,40,-0.48525771353907676,0.5571170132686527,0.40293636270051114,95,10,-0.3343804337525149,0.5448386620643723,0.539397882968689,104,0.2808726945719743,0.19786674533283036,-0.1069461262803732,0.6686915154243218,0.15575204597569206,0.20335564898857553,-0.5940960436478507,1.1558414327917994,0.301295514224034,2,1.056250340112993,0.014556028773219645,2.257060722910467,0.3235083475677524,11.38918064105022,False,True,False,False
Anaerostipes,-0.6938172031985075,0.1717741659568434,0.00011649846880889841,30,59,-1.2642789938912733,0.27145149244205014,2.7709286234989624e-05,25,40,-0.6952952364841796,1.1388679089767346,0.5544254759203721,95,10,-0.2710082859005102,1.1200140839514807,0.8088044620725349,104,-0.9126690938572114,0.2238773215778114,-1.3514686441497217,-0.47386954356470107,4.5689527099415e-05,0.2238773215778114,-1.8759354626610425,0.05059727494661981,0.055233786754179184,2,0.7673358137570373,0.05699286022345243,3.173416666416449,0.20459797288569875,36.9764449413294,True,True,True,False
Anaerotruncus,-0.3743722563493739,0.24791462796438507,0.1358868124696255,30,59,0.8954043000803611,0.33809336989468347,0.010664737684188026,25,40,0.6722496111968985,0.2895870155533214,0.026213354490517295,95,10,0.6497440596940006,0.3226917208974396,0.04406066116594695,104,0.3764118559587054,0.411996630182528,-0.4311015391990495,1.1839252511164604,0.360912094929455,0.411996630182528,-1.3962665695217606,2.1490902814391717,0.4573562868269092,2,0.917652631251426,0.4235936083192587,12.105618163787902,0.002351247873189726,83.47874538135778,False,False,False,False
Bacteroides,0.08507888861312374,0.22827195880348994,0.7102750196759748,30,59,0.0009528180693418875,0.22074642852750723,0.9965713740812161,25,40,-0.5978861152858652,0.34207161332197794,0.09775664035340602,95,10,-0.6902121119796158,0.4650304755803479,0.13774795392099834,104,-0.0959525395343506,0.17879038805292727,-0.4463817001180881,0.25447662104938684,0.5914913238770922,0.18801924216691634,-0.9049340450792331,0.713028966010532,0.6605641997092597,2,1.1059010280302808,0.031138085541412088,2.9461897673116786,0.2292149925736559,32.115710189810756,False,False,False,False
Barnesiella,0.24940654819376373,0.3194075421225415,0.4371122002045561,30,59,0.7150198763299092,0.3808746290105991,0.06510778735078623,25,40,0.8202875245565756,1.1046900144420544,0.47310238142798333,95,10,0.33166132687013405,1.3510978125316617,0.806088324355704,104,0.45937116604663053,0.23894491675459012,-0.008960870792366071,0.9277032028856271,0.054543103191784514,0.23894491675459012,-0.568725832274524,1.487468164367785,0.19447138047791795,2,0.49469408883100024,0.0,0.9893881776620005,0.6097574103703809,0.0,True,False,False,False
Bifidobacterium,-1.7955326659756512,0.2922100380323573,3.488246567490174e-08,30,59,-2.1450054003476335,0.3732515592256886,4.808537338426563e-07,25,40,-1.5155854007608425,0.8232660640466295,0.09014202973144833,95,10,-1.1852095141940837,0.8694433677218177,0.17282517124094043,104,-1.898427780266103,0.22159527118342476,-2.332754511785615,-1.4641010487465904,1.0612816623821193e-17,0.22159527118342476,-2.8518752787112223,-0.9449802818209836,0.013352603939118045,2,0.3883323626525055,0.0,0.776664725305011,0.6781869018044404,0.0,True,True,True,False
Bilophila,1.1497315111092765,0.24732519630003186,1.4022658086662369e-05,30,59,1.4517465920611545,0.25065282458449684,2.670317687900021e-07,25,40,0.21868112498965642,0.672715991714408,0.7510063171911338,95,10,0.22954600604279818,0.7334000312675757,0.7542891605719262,104,1.1849407587949847,0.23320193428601782,0.7278649675943898,1.6420165499955797,3.7509955222695997e-07,0.25620219155906765,0.08259169992922843,2.2872898176607412,0.04370694864247477,2,1.2069836416016626,0.05969264446126817,3.147995776879265,0.20721510131885365,36.467513244802355,True,True,True,False
Blautia,-1.4455627577164871,0.21593367268084182,2.309260277589947e-09,30,59,-1.1974266722455678,0.2046282282525916,2.5918433939313063e-07,25,40,1.0440350720201734,0.8715623966872671,0.2584262836763592,95,10,1.0671852066845549,0.9694912596058773,0.2709975292048167,104,-1.0280109167614653,0.3511054125913204,-1.7161775254404532,-0.33984430808247734,0.0034123046586691675,0.5565195425454672,-3.422521245623968,1.3664994121010372,0.20598200344145412,2,2.512382674707667,0.23711659412746622,7.814013230664807,0.020100579864916635,74.40495759398858,False,True,True,False
Butyricicoccus,-0.5725604531898592,0.2551627121216535,0.028317658666618083,30,59,-0.6634401302828357,0.42830194332160365,0.12688120968626185,25,40,0.5229576815228031,0.8818830196538979,0.5660343240872822,95,10,0.5388272732288607,0.962246189512598,0.5755011237739969,104,-0.5312311836084694,0.21273608173529093,-0.9481939038096396,-0.11426846340729924,0.012520050526995992,0.21273608173529093,-1.4465606663916806,0.3840982991747417,0.1298536589319254,2,0.7752311489978255,0.0,1.550462297995651,0.4605973020884143,0.0,False,False,False,False
Butyricimonas,-0.09416754441989617,0.28478787068228534,0.7418057973002328,30,59,-0.0008397795149853726,0.40104088606255084,0.9983364293013139,25,40,0.8105280158274104,0.9006314667224927,0.3872903281132698,95,10,0.6867834947563519,0.9664123026139539,0.4772994884490428,104,-0.008444875907160181,0.2248453731434204,-0.4491418072682642,0.4322520554539438,0.970039622434377,0.2248453731434204,-0.9758764344222455,0.9589866826079252,0.9734514250654139,2,0.458924131885875,0.0,0.91784826377175,0.6319631889361021,0.0,False,False,False,False
CAG-352,-0.40888919533138735,0.37759476823631577,0.283647368402692,30,59,-0.7540421114794356,0.3339474272752873,0.02835927314943811,25,40,0.22849774358736163,0.5285512396537339,0.6718490939269323,95,10,0.3819752600203624,0.6330961659117242,0.5462793562314472,104,-0.4275397295798794,0.2562808662415411,-0.9298502274133,0.07477076825354123,0.09526674819164847,0.2597761690708963,-1.5452663725427778,0.6901869133830191,0.24154721853618422,2,1.027463137108093,0.039792770354383125,2.4886356708318402,0.2881373982322792,19.634680823670386,False,False,False,False
Christensenellaceae R-7 group,-0.4398299629791343,0.25773037580028246,0.09153017489480349,30,59,0.49551777252575013,0.2873465688837584,0.08978066300425756,25,40,0.7644812024455869,0.7267846665702058,0.31199293677840984,95,10,0.4498620061735971,0.750339179561984,0.5488095976626919,104,0.15703057415879385,0.39484773961045083,-0.6168709954776898,0.9309321437952774,0.6908520317703297,0.39484773961045083,-1.5418621304904638,1.8559232788080515,0.7292850212290103,2,0.8414093258540265,0.30885012242208176,6.968959486177251,0.03066971040809186,71.3013111359458,False,False,False,False
Colidextribacter,1.2101185761751052,0.20263235377722089,5.97622449989602e-08,30,59,2.4393455959383106,0.32958343949769986,1.3124898280268146e-09,25,40,-0.1597809241779391,1.0045399426130082,0.876677500477404,95,10,0.011115381403317748,1.0612855770537768,0.9916435036328933,104,1.4311555909983404,0.5716885525201127,0.3106460280589194,2.5516651539377615,0.012301223109032484,0.6676290685274645,-1.4414204431258475,4.303731625122529,0.16528533509847373,2,1.363802502928077,0.7313527357229321,12.899554494795531,0.001580874273376849,84.49558858170705,False,True,True,False
Collinsella,-1.2886462688673956,0.23553166927375083,4.5712501381468696e-07,30,59,-2.2931199863585556,0.32293846548405464,3.0104573967332482e-09,25,40,-0.23729369862930705,0.8749354941330166,0.7913755974867572,95,10,-0.22403833367044373,0.9562524089172116,0.8147615074280457,104,-1.4907150071900275,0.473044804468134,-2.4178828239475703,-0.5635471904324848,0.0016253495247549854,0.5264316888519894,-3.75576775022759,0.774337735847535,0.10536389760522163,2,1.2384528991862793,0.4679354841295858,8.76055355288122,0.012521892376607415,77.17039239669703,True,True,True,False
Coprobacter,0.15036677965046286,0.3332980695466472,0.6537356300925207,30,59,-0.14300234088144226,0.3660895844988924,0.6977976979410057,25,40,0.03016477904371051,0.6223675906226427,0.9621136083540953,95,10,0.01272212976879833,0.6745444046233567,0.9849525263384921,104,0.019136378942641606,0.22914399169890817,-0.4299858447872184,0.4682586026725016,0.9334440686138834,0.22914399169890817,-0.9667906424341357,1.005063400319419,0.9410504656189226,2,0.17574713464221706,0.0,0.3514942692844341,0.8388300675867235,0.0,False,False,False,False
Coprococcus,0.9082522713878732,0.26168869355091856,0.0008228294742341547,30,59,0.5815326663726437,0.289614515879465,0.049893347538713696,25,40,0.01181120408321086,0.8378269114366579,0.9889994519284095,95,10,-0.019713639236525693,0.9232530847765332,0.9829645700560559,104,0.7231930243050085,0.18915298299538472,0.3524531776340545,1.0939328709759626,0.00013166490912673736,0.18915298299538472,-0.09066657431025138,1.5370526229202683,0.06210494294706791,2,0.7301412990488927,0.0,1.4602825980977854,0.48184090161878124,0.0,True,True,True,False
DTU089,-0.5312334635700178,0.1321918510031998,0.00013224366822304294,30,59,-0.01886678855467938,0.19043697505673327,0.9216961222556902,25,40,0.0312765063113396,0.4135856536111311,0.9408251676363935,95,10,0.3457253304255042,0.4782386504603115,0.46973283140532707,104,-0.239461961739055,0.2108194413640805,-0.6526680668126528,0.17374414333454277,0.2560139876767151,0.2108194413640805,-1.1465448065972317,0.6676208831191217,0.37379610525440765,2,0.7798597593908904,0.08178913089944892,5.742145210416421,0.05663814361978466,65.16981151274369,False,False,False,False
Desulfovibrio,0.48025583674911787,0.3166885393675991,0.1353757629829653,30,59,1.5304674235280147,0.38969620331883914,0.00022510083895785688,25,40,-0.25479286953683133,0.6506954986811857,0.7028004399210932,95,10,-0.4292220504170088,0.7017336519517121,0.5407630667934193,104,0.6743250500522682,0.46961510188808,-0.2461205496483686,1.5947706497529048,0.1510279349618173,0.4964260701058702,-1.4616239355810827,2.810274035685619,0.30727859123946355,2,1.1174421585782979,0.4623572782514826,7.120736410310452,0.028428355319876933,71.91301735163086,False,True,True,False
Dialister,1.6283187233343988,0.36353003434244824,2.8615311204381295e-05,30,59,-0.8404474023242579,0.4073922042382919,0.04476637828050972,25,40,0.3741693736350764,0.9936490647900076,0.7132362097587159,95,10,0.5208832680390767,1.0829771454693575,0.6305353592898248,104,0.39486852024897856,0.9394984405150423,-1.4465484231605044,2.2362854636584615,0.6742683890954735,0.9394984405150423,-3.647467009378336,4.437204049876294,0.7151198572264065,2,0.6294473505561755,2.2719828198830543,20.468028662811523,3.592725596659927e-05,90.22866328287975,False,True,False,False
Dorea,-1.1400736832271048,0.19212088866874674,6.222724035573129e-08,30,59,-1.2110480885049655,0.2152378120175077,5.999515015737244e-07,25,40,0.07225287989535256,0.9656363954222529,0.9417058786037174,95,10,-0.10829386142790509,1.0069814822637562,0.9143581731654755,104,-1.1447344110625823,0.14177540681164172,-1.4226142084134001,-0.8668546137117645,6.787564818564971e-16,0.14177540681164172,-1.7547447521844735,-0.5347240699406911,0.01499470022121942,2,0.8419279867068435,0.0,1.683855973413687,0.4308789931259652,0.0,False,True,True,False
Eggerthella,-2.0016202216181016,0.2973848623863385,2.0546566433001123e-09,30,59,-2.395371922583046,0.29831299021871815,9.500843395369876e-11,25,40,-0.3701308270195762,0.7069158449110401,0.6112796401753653,95,10,-0.16986247717373992,0.7947620224662977,0.8307595874713501,104,-1.820849172191351,0.4207029279529603,-2.645426910979153,-0.9962714334035486,1.503933457338028e-05,0.5377911209991394,-4.134777606964646,0.49307926258194446,0.07725885342290134,2,1.6340908049935696,0.3573856811023253,7.013790667518582,0.029989878614578885,71.48474919187197,True,True,True,False
Eisenbergiella,-1.2935516779333809,0.21554103864650342,4.48450734971681e-08,30,59,-1.1797687038334392,0.3570010415172773,0.0015750128726955326,25,40,0.541892741524751,0.2899279950472313,0.0695599137719721,95,10,0.5711365013371164,0.32225959890098455,0.07634692624918142,104,-0.6446880838262297,0.6073445594975316,-1.8350834204413917,0.5457072527889324,0.28846884013995955,0.6073445594975316,-3.2578808106143846,1.9685046429619255,0.3997009433623153,2,0.958396864204212,1.0216002235423012,27.661675165811022,9.847898360997124e-07,92.76977989217393,False,True,True,False
Enterococcus,-3.042258935656416,0.5150011252176735,1.0503892567786768e-07,30,59,-2.431258228576307,0.604078680894077,0.00021945938640938995,25,40,-0.06632970061454202,0.8690032521490707,0.9405479596869876,95,10,0.1322315917986333,0.9183092816808893,0.8855047216438249,104,-1.9841412307691308,0.7808804254523679,-3.514666864655772,-0.45361559688248976,0.011056666447662223,0.8738561740726777,-5.7440408835047645,1.7757584219665026,0.15118190821855748,2,1.2523071069700178,1.3902089961349335,8.726226830153188,0.012738665093262989,77.08058661632464,True,True,True,False
Escherichia-Shigella,-0.36669541549358176,0.30774882861402597,0.23668562383592523,30,59,-0.8293124305140793,0.33092254784688907,0.015330737341282263,25,40,-4.181027798238119,0.6264374021100585,2.1119088541527325e-06,95,10,-4.239370009127092,0.6546176952725846,9.412334426899514e-11,104,-1.697117721579094,0.8825516680040173,-3.4269189908669677,0.0326835477087799,0.054484196040835715,1.176663570300465,-6.759892444266398,3.36565700110821,0.2859718931061421,2,1.7775602725931376,2.145501295890977,30.28570279850613,2.6518148421840997e-07,93.39622391031767,True,False,False,False
Faecalibacterium,0.3534124070372755,0.17361103174280232,0.04501492683531442,30,59,-0.3337984914888992,0.20790520136974522,0.11454376014576317,25,40,-0.5840997799469809,0.750719505749478,0.45226402526703746,95,10,-0.6030988091782503,0.8294347919478848,0.46715231255514056,104,-0.054820020716723476,0.3030019145459468,-0.6487037732267792,0.5390637317933323,0.856428001562606,0.3030019145459468,-1.3585320354409989,1.2488919940075518,0.8731023326045106,2,0.7794675650354852,0.1732763687618703,7.175493154494225,0.027660591252605237,72.1273512922615,False,True,False,False
Family XIII AD3011 group,-0.5993466579446538,0.2620347071527769,0.024643189779414168,30,59,-0.39788383773613667,0.30144010675606403,0.19166783233063114,25,40,1.2597059703340125,0.2906563713782059,0.0001068469552788484,95,10,0.9704480844627125,0.3945842450092793,0.013916200298609516,104,0.08495276215167957,0.588091220977743,-1.0677060309646969,1.2376115552680558,0.8851411282863205,0.5888933125256971,-2.4488506564868144,2.6187561807901734,0.8985205533194127,2,1.002729639557661,0.95630167852241,25.67054941483642,2.665084729500696e-06,92.20897080276713,False,False,False,False
Family XIII UCG-001,-0.37622765220774435,0.21458377099594042,0.08435870008087529,30,59,0.6806908285622271,0.2872235019695417,0.021843868185314176,25,40,0.5181019488289269,0.2619984682273166,0.05854886529478587,95,10,0.6350346665367347,0.3116877438634806,0.041609313007871816,104,0.2553491460534321,0.3492498484848661,-0.42918055697690544,0.9398788490837697,0.464696071671697,0.3492498484848661,-1.247351667875941,1.7580499599828052,0.5407523900835405,2,0.9044060944090863,0.30082086763626303,11.398881839905727,0.0033478366430194652,82.45441940631135,False,False,False,False
Flavonifractor,-0.5268255590591933,0.27831363056870095,0.061885047801096583,30,59,-1.2261027132441211,0.2716149865165896,2.8487832836492855e-05,25,40,0.06754693808350007,1.0556329310675812,0.9501614859692993,95,10,0.34130808346531677,1.09012693751693,0.7542121186217804,104,-0.8047534912285487,0.31446236361171775,-1.4210997239075156,-0.18840725854958185,0.010493120711474147,0.31446236361171775,-2.157775838409207,0.5482688559521095,0.12475144175054255,2,0.8988283543942579,0.13911101150992825,4.020835939349803,0.13393268316820292,50.25909959600556,False,False,False,False
Fusicatenibacter,-0.09962089903438276,0.21991089502277206,0.6517461818011843,30,59,-0.31244931589066827,0.2382515383606109,0.19598752451135099,25,40,0.3093799883616377,0.990937134317549,0.7607867415332407,95,10,0.3595025206113539,1.0435564374416946,0.7304722213565102,104,-0.18439796205346518,0.15948914298295813,-0.4969966823000631,0.12820075819313273,0.24760803942137588,0.15948914298295813,-0.8706243584659882,0.5018284343590579,0.3670590426374095,2,0.34288918232524757,0.0,0.6857783646504951,0.7097168563742664,0.0,False,False,False,False
Fusobacterium,0.799819641820421,0.4695777543162512,0.09320890490443147,30,59,-1.280810827078717,0.6325382701689731,0.04823830095410329,25,40,-1.2751446293018815,0.8789758593872908,0.1778093484430344,95,10,-1.13371741059011,0.969698594425714,0.24234557029418313,104,-0.4934779744386637,0.7849538855976154,-2.0319875902099898,1.0450316413326624,0.5295642754849855,0.7849538855976154,-3.870861952990836,2.883906004113509,0.5937903497933259,2,0.8236094898629324,1.4110740634916121,8.92583973371941,0.011528651966321123,77.59314462655496,False,True,False,False
Haemophilus,0.2307006815019419,0.3730210755993581,0.5381492072806502,30,59,-0.20884400000040693,0.4264447866698214,0.6261124522550469,25,40,-0.11592973879539259,1.0498645427699507,0.914184620405397,95,10,0.07344255471404496,1.0545621837876842,0.944478052068466,104,0.02975107419782705,0.2712338091199156,-0.5018671916772075,0.5613693400728617,0.9126568756627245,0.2712338091199156,-1.1372738149978603,1.1967759633935144,0.9226711687180966,2,0.31124987764985845,0.0,0.6224997552997169,0.7325308099210086,0.0,False,False,False,False
Hungatella,-0.03697510956877137,0.26929397795361576,0.8912894076075981,30,59,-0.702071965302737,0.32199784026165423,0.03419881132585104,25,40,0.5824354872314033,0.291349754010197,0.05288228246939846,95,10,0.7059889276933148,0.32587268340550474,0.030276335822484013,104,-0.041670120541340984,0.3548468687185528,-0.7371699832297045,0.6538297421470225,0.9065183009438322,0.36709779868753517,-1.6211644661297089,1.5378242250470269,0.9199919860746875,2,1.070241053343048,0.2911507542278152,8.764205485153795,0.012499048687413961,77.17990520204121,False,False,False,False
Intestinimonas,-0.9240455092647477,0.2653762466866654,0.0007937795840750172,30,59,0.25248705533909543,0.262435826719832,0.34046941459383295,25,40,0.8361082303249564,0.768678022791231,0.2997755607806882,95,10,0.6420116933422259,0.8603537474514195,0.45553556747693047,104,-0.07764523216661658,0.5123393317668316,-1.0818303224296064,0.9265398580963733,0.8795415541512129,0.5123393317668316,-2.2820634565238715,2.1267729921906384,0.8934477463160768,2,0.9623877517291597,0.6032527269912252,12.10766080883583,0.0023488477166530145,83.48153262981684,False,True,False,False
Klebsiella,0.10818532583441387,0.4598542567022269,0.8148307403613421,30,59,-1.2723335393490003,0.40413269503939936,0.0027522638743602435,25,40,-1.428098037882839,0.9201181235008873,0.14998375591052326,95,10,-1.407237967293451,1.046423868394451,0.1786876234314092,104,-0.7753245747062376,0.5339844477621173,-1.8219340923199874,0.27128494290751215,0.14651245901654483,0.5339844477621173,-3.0728742164851983,1.522225067072723,0.28364277342236716,2,0.856763197442827,0.5323497193118919,5.6960824895933735,0.057957734778109275,64.88814894001344,False,False,False,False
Lachnospira,1.9906874737491838,0.3426892042375054,1.8919907916129728e-07,30,59,1.7835066340862156,0.2482081596427467,2.3615502311878268e-09,25,40,-0.33602511161872833,0.8861868517058786,0.7117813354632845,95,10,-0.29338090383810045,0.9417357551185552,0.7553961548278513,104,1.5392022496436908,0.41047497052031956,0.7346713074238644,2.3437331918635174,0.00017697015105118795,0.5691517873680009,-0.9096602418866764,3.9880647411740577,0.1138500099929633,2,1.9225730375631573,0.31062340822768836,6.052369872751499,0.04850031741719176,66.9550929297259,False,True,True,False
Lachnospiraceae NC2004 group,0.7628871774593605,0.18397513551191153,7.836492187768949e-05,30,59,-0.4389626782746779,0.20874982319567764,0.04209712240629881,25,40,-0.6080305813334259,0.5688906517773579,0.3097014271851793,95,10,-0.6593590284558439,0.6123105465897246,0.28155281768115026,104,-0.033953322034019844,0.49408203213382335,-1.0023541050163136,0.9344474609482739,0.9452124904282808,0.49408203213382335,-2.159816726288432,2.091910082220392,0.9514648824043836,2,0.7838277529258262,0.6199528985074078,20.74255341586701,3.1319278987703026e-05,90.35798553870373,False,True,False,False
Lachnospiraceae ND3007 group,1.4582226286954758,0.21374467653745036,1.570612808736418e-09,30,59,2.465986028172803,0.270529267178761,5.286087947517943e-13,25,40,0.8026712146508681,0.750131194132826,0.30588949606733207,95,10,0.6934156446269806,0.8214342688280214,0.3985842937029831,104,1.7212684510153355,0.4437483686528122,0.8515216484558237,2.5910152535748474,0.00010491733487300285,0.453737163038393,-0.23100499209638947,3.6735418941270606,0.06299348302923843,2,1.0455267858515473,0.431981444410898,10.384245623573856,0.0055601910389478405,80.7400549592193,True,True,True,False
Lachnospiraceae NK4A136 group,0.891766811485116,0.20111351171258054,2.6931161634458452e-05,30,59,0.6403484167099127,0.2865676801081546,0.030833119655744066,25,40,-0.0841006423051639,0.9107299717063931,0.9279789517680951,95,10,-0.28078209520262426,0.994963960880381,0.7777876419092872,104,0.7805499050459853,0.16199409330846393,0.463041482161396,1.0980583279305747,1.4472492177154004e-06,0.16199409330846393,0.08354557727767153,1.477554232814299,0.04047516884262653,2,0.7232712557626463,0.0,1.4465425115252926,0.48516256639587585,0.0,False,True,True,False
Lachnospiraceae UCG-004,1.0713862207424674,0.1891668630676067,1.884526929843102e-07,30,59,1.726738631639455,0.21602547427181418,2.9239778218991624e-10,25,40,-2.011789126954509,0.5902878303518431,0.004330825833912505,95,10,-1.7631291123678743,0.6308507537933828,0.005192484919784553,104,0.42232859686509405,0.6651599450985682,-0.8813848955280996,1.7260420892582877,0.5254754497436865,1.1069415050828066,-4.3404562915934,5.185113485323587,0.739531529069967,2,2.7694731938569,1.1982232020343069,35.968246841577894,1.5473709401476054e-08,94.43953993974463,False,True,True,False
Lachnospiraceae UCG-010,0.812812762039353,0.20097921590671478,0.00013247861098308943,30,59,1.4074728914209262,0.1642672238044798,8.798381965147785e-12,25,40,0.3156075610254787,0.7725048844296177,0.6904183645326093,95,10,0.14735374592426023,0.7906405742364171,0.8521525716180466,104,1.0375509105772456,0.27702910761101823,0.49457385965964984,1.5805279614948413,0.0001801944174433254,0.27702910761101823,-0.15440913549058832,2.2295109566450795,0.06447266523231894,2,0.9110767161882471,0.13796650659586765,6.437489451524167,0.040005244307999226,68.93198792696317,True,True,True,False
Lactobacillus,-0.08820223302368557,0.4092660755915789,0.8300227584098538,30,59,-0.9535757163397502,0.5618456068082512,0.0952867112808091,25,40,-1.5916253600023784,1.0331697895350622,0.1536697364427956,95,10,-1.4536084154458337,1.1352826833559708,0.20040682620057315,104,-0.5907009263651208,0.4007939222593046,-1.3762570139933579,0.1948551612631162,0.14052816169835422,0.4007939222593046,-2.315177990019741,1.1337761372894994,0.27845117283812365,2,0.9637782217525227,0.1431089624397298,2.7804957627228664,0.24901357115766168,28.070381303460334,True,False,False,False
Ligilactobacillus,-1.0734171609967809,0.39957526145692995,0.0087373992242718,30,59,-1.3087209668212816,0.37430565164483975,0.0009960206826300324,25,40,-1.8697096396438062,1.0576828148937976,0.1090358706962713,95,10,-1.554377053643309,1.183066422981012,0.18889519858089454,104,-1.2407021812254886,0.2644918427739868,-1.7591061930625027,-0.7222981693884745,2.720189886633346e-06,0.2644918427739868,-2.3787187305193456,-0.1026856319316316,0.042564823747705614,2,0.28098395117761826,0.0,0.5619679023552365,0.7550404528930922,0.0,True,True,True,False
Limosilactobacillus,-1.08878687229116,0.4285590659601991,0.013754199609693535,30,59,-0.8404175543772352,0.43351262356044384,0.05794425688589981,25,40,-1.251054294199956,1.0184871319920643,0.24774678366608094,95,10,-1.0916296898503421,1.1107477224634064,0.3257117194087674,104,-0.9894543609159081,0.2919807634237829,-1.5617366572265226,-0.41717206460529366,0.0007020800380628983,0.2919807634237829,-2.245746189680011,0.2668374678481946,0.0771386268096763,2,0.11894330408130815,0.0,0.2378866081626163,0.8878581372677598,0.0,True,True,False,False
Monoglobus,-0.8799135581529844,0.18127063445721495,5.528777143845989e-06,30,59,-1.685687944568044,0.213474220736523,1.4283376531053806e-10,25,40,1.723848638462145,0.8516581678607912,0.06875333701400983,95,10,1.5747364219769695,0.9187502297477689,0.08652902007964404,104,-0.6774061950452501,0.5249691539424316,-1.706345736772416,0.3515333466819157,0.19692106763801542,0.8872910620017663,-4.495111505002139,3.1402991149116386,0.5249575568083743,2,2.856700044701561,0.6501385641229178,19.900269078257125,4.7721213134457985e-05,89.94988463655909,False,True,True,False
NK4A214 group,0.6337048342539151,0.23575793870536013,0.008630224044247903,30,59,0.6919733054086447,0.3110830744529751,0.03015182545546394,25,40,0.40632890053245224,0.8629022847452036,0.6469132260826174,95,10,0.15735255470161358,0.8569755747168862,0.854316424525443,104,0.6437072135157254,0.1835929041169785,0.2838651214464475,1.003549305585003,0.0004546114558492242,0.1835929041169785,-0.14622929653603434,1.433643723567485,0.07259861576728047,2,0.050774597346489606,0.0,0.10154919469297921,0.9504928900082514,0.0,True,True,True,False
Negativibacillus,-1.4243195359562777,0.19328142346050478,9.322927904061466e-11,30,59,0.8346851373982513,0.286604216610253,0.006025742370351517,25,40,0.0661484580154692,0.6393705302568207,0.9195049035427727,95,10,0.07955620220649662,0.6701393694395265,0.9055004347178227,104,-0.19466509990805217,0.8629729975188575,-1.8860921750450128,1.4967619752289085,0.8215320174679288,0.8629729975188575,-3.9077382233366262,3.518408023520522,0.8424855739553555,2,0.6187266484432278,2.0697034156081626,44.11956006059922,2.6276000462580205e-10,95.46686322970366,False,True,False,False
Odoribacter,-0.45778589673497394,0.2806746371231532,0.1070932022413671,30,59,0.2709381575444717,0.3633872322998069,0.4591270906105217,25,40,1.148513950022655,0.7722871769838113,0.1637894140714899,95,10,0.7805123147326166,0.8477953176899313,0.35723962267427245,104,0.10761012380370627,0.39486702137801316,-0.6663292380971995,0.881549485704612,0.7852203400251538,0.4148728511934049,-1.6774436818604186,1.892663929467831,0.819599132259664,2,1.103896368434114,0.27613241994469273,5.274551435110497,0.07155594286240793,62.08208366901437,False,False,False,False
Oscillibacter,0.08081732352032156,0.25742308838167255,0.7543134328759336,30,59,1.0192725702948908,0.27767102913247926,0.0005549242308125882,25,40,1.2300362138880994,0.8918730046162908,0.1954620020255902,95,10,1.3250993947243097,0.9648090801748401,0.16961817428792514,104,0.6431398005639544,0.39953171152035083,-0.13994235401593325,1.426221955143842,0.10745592788765057,0.39953171152035083,-1.0759064086092547,2.3621860097371634,0.2487422634333107,2,0.7728680551635186,0.30198652848426105,6.758841758620771,0.03406717803059801,70.40913115847047,True,False,False,False
Parabacteroides,0.38664032277616833,0.2673927309940267,0.1520854143383221,30,59,-0.12727475209616435,0.26840719801937235,0.637335011670245,25,40,-0.9803956111262426,0.9135971608264045,0.3060029800336786,95,10,-1.2496271556299243,0.9603835867800609,0.19319854548841464,104,0.04491413235628642,0.26499410412571023,-0.4744743117301056,0.5643025764426784,0.8654104014798383,0.27234590161091216,-1.1268957046314616,1.2167239693440346,0.8841718365087523,2,1.0562561864151085,0.08034781864575488,3.257952775788649,0.19613023269159297,38.61175598176489,False,True,False,False
Paraprevotella,1.575758594143087,0.3927240724078925,0.00016110820132924196,30,59,1.5917931422932832,0.384988863599637,0.00010707433533675915,25,40,1.1336992123706375,0.744317064765152,0.15068910170150873,95,10,1.1251724257528988,0.870497472113879,0.19616240177157707,104,1.5298845258130203,0.25789261353139215,1.0244150032914918,2.0353540483345487,2.9880362224198102e-09,0.25789261353139215,0.42026216823370377,2.639506883392337,0.027259298158196568,2,0.16141276537702512,0.0,0.32282553075405024,0.8509407597240378,0.0,True,True,True,False
Parasutterella,1.096283958306015,0.2592591466037249,0.00014228332786106706,30,59,0.4098372143014153,0.4549986181943156,0.3722915941925362,25,40,0.8434574076557763,0.7632606822181459,0.29063056643439733,95,10,0.9205842382810164,0.7491712894519117,0.2191455211474792,104,0.9212609638866694,0.21604537185362865,0.4978120350535573,1.3447098927197816,2.0061848595315683e-05,0.21604537185362865,-0.008307245057563861,1.8508291728309028,0.050837879166969864,2,0.8647691185760551,0.0,1.7295382371521102,0.4211487768325456,0.0,True,True,False,False
Prevotella,0.6784906130074804,0.38892732758455845,0.08753272060726583,30,59,1.003238128847692,0.5174230065818338,0.05904778911000869,25,40,0.17523064078933848,0.6117034252329149,0.7794072854265985,95,10,0.44257715709757156,0.5943330781006423,0.45647618004964174,104,0.6683526776462743,0.2771519526440297,0.1251348504639761,1.2115705048285723,0.015886934923306444,0.2771519526440297,-0.5241359279381759,1.8608412832307244,0.13739163150986455,2,0.5347206381497175,0.0,1.069441276299435,0.5858329266571777,0.0,True,True,False,False
Roseburia,1.2441490339715071,0.23146831514007205,6.347926876530734e-07,30,59,0.11321878199386726,0.2380546666378722,0.636018188910854,25,40,1.0551533680694933,1.117602079766053,0.3667245240191196,95,10,1.0794363464590964,1.1976934126179726,0.36744868410436426,104,0.7317247693668908,0.4903616283051536,-0.22938402211121023,1.6928335608449918,0.1356429023429953,0.4903616283051536,-1.3781310291985234,2.841580567932305,0.2741776402766879,2,0.6082144411233432,0.502324343177559,11.703053348530336,0.0028755058445899422,82.91044276704798,True,True,False,False
Ruminococcus,-0.5412375064394199,0.25816383593152137,0.03895823765315918,30,59,-0.5203174759597569,0.2338999186596607,0.03088516835981056,25,40,0.15733528070348557,0.8104189104420684,0.8492964691253106,95,10,-0.13672030237204547,0.8255218636778482,0.8684585130191056,104,-0.4996913013645644,0.1695033898683022,-0.8319179455064367,-0.1674646572226921,0.003198657046638155,0.1695033898683022,-1.2290055244741644,0.2296229217450355,0.09837994408341837,2,0.3454745809461859,0.0,0.6909491618923718,0.707884325324927,0.0,False,False,False,False
Sellimonas,-0.7322466768455151,0.31682896874961336,0.02374671109538971,30,59,-0.14534056526778505,0.4315750976578395,0.7375768314359683,25,40,0.14820278432228506,0.5712671916321672,0.799841502819374,95,10,0.42749499456108364,0.6086982778470759,0.4824857486309143,104,-0.3865024602379072,0.25988666199511584,-0.8958803177483343,0.12287539727251989,0.13696299525810202,0.25988666199511584,-1.504704515882811,0.7316995954069965,0.2753357342092594,2,0.9764514471139022,0.0334167148752286,2.3650028582047815,0.3065110631649752,15.43350600776215,False,False,False,False
Slackia,-0.3817847803970196,0.24219947671088846,0.11987492548523662,30,59,-0.7710888728511729,0.31742761617280085,0.018584575364855384,25,40,0.4175499596493293,0.24443361716780715,0.10270898767508012,95,10,0.43227943640429667,0.25963357631199574,0.09592080002467984,104,-0.22601367334516212,0.3455455054302926,-0.9032828639885356,0.45125551729821145,0.5130616285573534,0.3485985061010398,-1.7259119871887982,1.273884640498474,0.5832558913028061,2,1.0177486769288953,0.28617808164550235,10.126778295739978,0.0063240898758400175,80.25038228751055,False,False,False,False
Streptococcus,-0.978595564530393,0.3487025005462703,0.006251707103841608,30,59,-2.384675610234308,0.40200705808532977,2.566093028730965e-07,25,40,0.1928178075459699,1.1144644911391,0.8659550314202035,95,10,0.31009667306568345,1.2000750554235498,0.7960999664527388,104,-1.304407263176788,0.6468785379561455,-2.572289197570833,-0.03652532878274295,0.043751482395063414,0.6863210270044017,-4.257408303465136,1.6485937771115602,0.19773226241185235,2,1.1256649006003991,0.8989900604871743,9.383838032956785,0.009169073658870376,78.68675915999572,False,True,True,False
Sutterella,1.8024483193737213,0.36957111152696825,6.1497689708129245e-06,30,59,2.3987278379331602,0.38243853402834677,6.357170303968998e-08,25,40,-2.338147220774421,1.1363755103591169,0.0647836161555744,95,10,-2.001288860685314,1.2382063191954127,0.10603365786012087,104,1.0602138588602454,0.8330181321473322,-0.5725016801485256,2.6929293978690163,0.20311101678809151,1.3418136429398673,-4.713144274678499,6.83357199239899,0.5122543130974304,2,2.5946303695890336,1.6709781216758905,15.65666102046956,0.0003982898663978491,87.2258842585581,False,True,True,False
Turicibacter,-1.384079773055296,0.3748662123174715,0.00042602394124646416,30,59,-1.0129008970581277,0.3509216304051486,0.005783117860486314,25,40,0.03708331883223326,0.327095833419133,0.9114787072945578,95,10,0.07894516829336129,0.37327422563598617,0.8325020033967832,104,-0.7725993069176437,0.43389680663377794,-1.6230370479198484,0.07783843408456104,0.07497682020394937,0.43389680663377794,-2.6395065863869074,1.0943079725516198,0.2169325937234393,2,0.9698404891007186,0.4415767073658516,9.192074415988113,0.01009174810893553,78.2421256672887,False,True,True,False
UCG-002,0.5791187508440419,0.26022119785010495,0.028651913554375196,30,59,0.17011963054330814,0.2937204164886017,0.5646280676014438,25,40,0.3197152638766767,0.9651706868114409,0.7464645439148413,95,10,-0.2031899731814314,1.077275031153431,0.850394762394793,104,0.39615017284127146,0.1909268961181137,0.02193345644976863,0.7703668892327743,0.037997767171749026,0.1909268961181137,-0.42534195791374213,1.2176423035962851,0.1736843345440111,2,0.5464279921309658,0.0,1.0928559842619316,0.5790143647502528,0.0,True,True,False,False
UCG-003,0.901699963306554,0.22904449076532607,0.0001670437711768651,30,59,1.7687941144331283,0.28764306011468066,6.500183950202297e-08,25,40,-1.9861556948769028,0.9275551095645502,0.057089884458833125,95,10,-2.335594709240321,0.9362655826285845,0.012610428007981466,104,0.6085564594123697,0.6221849484350508,-0.6109260395203299,1.8280389583450694,0.32802696517219687,1.003851863525146,-3.7106695013946593,4.9277824202193985,0.6060094063234622,2,2.603156376162554,0.9217153462418479,17.209913860974595,0.00018319545215985845,88.37879133994258,False,True,True,False
UCG-005,0.45388263298150067,0.2239215693735469,0.045806292053552036,30,59,0.8133042180606168,0.23422993471709896,0.0009414647060057386,25,40,0.2292274115220796,0.7783701110394701,0.773542866626969,95,10,-0.0046561949213698856,0.7649897441651446,0.9951436171144841,104,0.6090851168962038,0.15846814359168052,0.29848755545651,0.9196826783358976,0.00012125204428256099,0.15846814359168052,-0.07274827369842052,1.290918507490828,0.06151102653828927,2,0.7393641275103079,0.0,1.4787282550206158,0.47741739561145846,0.0,True,True,True,False
[Eubacterium] ruminantium group,1.2793580466575243,0.35738683539817645,0.0006757201719206652,30,59,1.5366635264967232,0.385883104968524,0.00018044096958215333,25,40,0.4371143602022327,0.6747366843003912,0.5293929585137735,95,10,0.10708185355085575,0.7088764163296792,0.8799295184287181,104,1.2719776034500156,0.244551484755321,0.7926566933295864,1.7512985135704449,1.9793434889536033e-07,0.2445919875524853,0.21958322054551016,2.324371986354521,0.03504430899203574,2,1.0003312689044304,0.00018515678084855393,2.001869697176641,0.3675356902977355,0.09339754626776813,True,True,True,False
[Eubacterium] siraeum group,-0.6124450009994773,0.3299056938169758,0.06753978057094223,30,59,1.992237639486995,0.42952584938038774,2.735061169095644e-05,25,40,0.6816291900294664,0.6387911014084378,0.3044993974845668,95,10,0.5967191988260453,0.6982240354129606,0.3927591932983082,104,0.6723820662608065,0.88598335517681,-1.064145309885741,2.4089094424073543,0.4479061006605616,0.88598335517681,-3.139696635356042,4.484460767877655,0.5271512407382593,2,0.7457498039356932,2.1277551376668242,23.354049007082686,8.486579678454785e-06,91.4361745177744,False,False,False,False
[Eubacterium] ventriosum group,1.053845029369023,0.21031375068399005,2.9029279508216712e-06,30,59,0.683045279879892,0.20582194106183507,0.0015101353594335035,25,40,0.9713354440859796,0.6675281129272315,0.1700108893412911,95,10,1.0052598022727397,0.77707199424357,0.19578606900591622,104,0.8693935863952205,0.1436538228791863,0.5878320935520154,1.1509550792384255,1.4305444865590788e-09,0.1436538228791863,0.2513010732528035,1.4874860995376373,0.026232870535618895,2,0.8061136234646868,0.0,1.6122272469293737,0.44659031608034117,0.0,True,True,True,False
[Eubacterium] xylanophilum group,1.301500638463982,0.30286196427512974,5.850368869324288e-05,30,59,1.9477092451367404,0.35899376523415993,1.2061719072678975e-06,25,40,0.9414334035293838,0.5810397375073126,0.12839817441425563,95,10,0.8611335114926483,0.6346452267707968,0.17482129745847352,104,1.4746641951572004,0.2704094252758902,0.9446617216164557,2.0046666686979453,4.940192875973624e-08,0.27105143228619677,0.30842401014294696,2.640904380171454,0.03216341654507215,2,1.004754043889586,0.06984188913976529,2.9035287695721737,0.23415678074652566,31.118299189620423,True,True,True,False
[Ruminococcus] gnavus group,1.0009969559561909,0.3574732017102722,0.0065253311615421595,30,59,-0.7564528718995516,0.4311070149907579,0.08538122873850093,25,40,-1.0641804955908056,1.2661479422480577,0.4194237832816998,95,10,-0.6419704834581749,1.310742286817095,0.6242922161397885,104,-0.09589696735525012,0.7454709151124459,-1.557019960975644,1.3652260262651439,0.8976429502745477,0.7454709151124459,-3.3033994351728966,3.111605500462396,0.9094121659671727,2,0.7641854142685327,1.2268346977840867,10.931854227575478,0.0042284190036648295,81.70484202986331,False,True,False,False
