species,metabolite,n_all,beta_joint_all,se_joint_all,p_joint_all,n_crc,beta_joint_crc,se_joint_crc,p_joint_crc,n_healthy,beta_joint_healthy,se_joint_healthy,p_joint_healthy,primary_discovery_r,primary_validation_r,crc_univariable_r,motu_r,presence_r,q_joint_all,q_joint_crc,q_joint_healthy,joint_all_concordant,joint_crc_concordant,independent_crc_candidate,healthy_same_direction,crc_preferential_exploratory
Peptostreptococcus stomatis,C05341_beta-Ala-Lys,346,0.287012477675912,0.09296651211067564,0.002281005740786644,149,0.6338782337458638,0.17179492692469148,0.0004857736490399706,127,-0.017525133602430465,0.15645231518488878,0.9111508524257432,0.2646139733343021,0.2387967517818429,0.385816483201653,0.3182361671958907,0.1943964545271137,0.020404705085187998,0.03497570273087788,0.9760906624780601,True,True,True,False,True
Fusobacterium nucleatum,"C06057_3-Aminopropane-1,2-diol",346,0.3077650339276028,0.07683366404919131,8.47527729870781e-05,149,0.4572205963396951,0.1407498740625625,0.0019026256043587605,127,0.12692878132279217,0.13750590150965883,0.3593285279240853,0.1881919786307666,0.3713454788196574,0.3669120247998315,0.3185000662655072,0.1300642905226529,0.003981487508287715,0.05115284568118448,0.5805489994308757,True,True,True,True,True
Peptostreptococcus stomatis,C01921_Glycocholate,346,0.2813421111201305,0.09084136788566297,0.0022099937930121927,149,0.4845475696892463,0.15568534813216622,0.0028418247600658043,127,0.05472920550540472,0.1522612175774791,0.7204113304339499,0.3155859950764776,0.2921285620516759,0.433601030154106,0.3556997362184819,0.2432852803070805,0.020404705085187998,0.05115284568118448,0.8791460303600744,True,True,True,True,True
Peptostreptococcus stomatis,C00041_Ala,346,0.23281698066052503,0.10355766515206098,0.025560192176555342,149,0.5695607422843991,0.17754561501842123,0.002146044484875124,127,0.08391911498602278,0.16091022929770765,0.6037450855223433,0.2009462773964311,0.2514462006144293,0.3493631068941238,0.3141512535898989,0.2601528459342334,0.08785602431030304,0.05115284568118448,0.7762436813858699,True,True,True,True,True
Peptostreptococcus stomatis,C05984_2-Hydroxybutyrate,346,0.24205441147377732,0.08033233115607434,0.0028897885306916823,149,0.4340637069100448,0.15108311330466484,0.0056140798559857685,127,-0.07155227834315903,0.12525152228701372,0.5697577781224059,0.2308530607587275,0.2746720663991198,0.3480716219969164,0.3734728358667418,0.2836057614226959,0.020806477420980112,0.08084274992619507,0.7520191136908518,True,True,True,False,True
Peptostreptococcus stomatis,C00647_Pyridoxamine 5'-phosphate,346,-0.21312432281463872,0.08937511200880445,0.017950271179064982,149,-0.4379972036615445,0.15844817867980668,0.0075662037249779775,127,0.022744950472235348,0.16982711430719713,0.8938654635329852,-0.1787202565770299,-0.2544065832378167,-0.2886981911966829,-0.2367518370287828,-0.1839780023302198,0.0680220802575094,0.09079444469973573,0.9760906624780601,True,True,True,False,True
Peptostreptococcus stomatis,2-Hydroxypentanoate,346,0.13785815559806525,0.09458735121174225,0.1464193201020937,149,0.4914129065481546,0.18361283584234162,0.009582328638891077,127,-0.13356282085432392,0.14825147889744,0.37090630519194834,0.159466012641772,0.2873021409041807,0.3719461492781012,0.3736871259736467,0.1123717797090062,0.21831165750032944,0.09856109457145108,0.5805489994308757,True,True,False,False,False
Peptostreptococcus stomatis,C05122_Taurocholate,346,0.2511694063643135,0.08788188820965784,0.004673924392122492,149,0.3876585395183849,0.14914391633173504,0.011742777696140452,127,0.0877442773163668,0.13744573718776595,0.5254275139219933,0.280018240274747,0.3130609881847995,0.4066252934148267,0.3674439889974921,0.3199857215179282,0.02804354635273495,0.10568499926526406,0.713788320799689,True,True,False,True,False
Parvimonas unclassified,C04137_Octopine,346,0.2946817703746756,0.07778160200996538,0.00019579364534418666,149,0.35675361294825025,0.155342895270273,0.025151060078129384,127,0.3788217983797145,0.12253150833619633,0.002915255992059744,0.3029207587401772,0.2588655875293258,0.2126755313672331,0.1598074020793782,0.2587963390716817,0.004699047488260479,0.1594632531191321,0.012346966554605975,True,True,False,True,False
Peptostreptococcus stomatis,C00300_Creatine,346,0.21076112926941382,0.09888152434129512,0.03416623167622896,149,0.39037859884247195,0.16574404436633067,0.021794541233592486,127,0.019985824501792315,0.15478073145179802,0.8976526479960416,0.270624695678159,0.2992263548424479,0.356297279425526,0.3470444814444971,0.3182276426118985,0.08785602431030304,0.1594632531191321,0.9760906624780601,True,True,False,True,False
Gemella morbillorum,C00378_Thiamine,346,-0.16330518499054036,0.08117249963567415,0.04546311485829253,149,-0.3248776987282824,0.1417295785154902,0.025415033649678245,127,-0.008153198745781909,0.13209529291119143,0.9509706759295581,-0.2506743856451521,-0.1853025554245727,-0.3879046636759153,-0.2316071142192137,-0.1085411775173352,0.09919225059991098,0.1594632531191321,0.9901723303737823,True,True,False,True,False
Peptostreptococcus stomatis,C01089_3-Hydroxybutyrate,346,0.11728367099117754,0.08321062037213434,0.16011184888585625,149,0.37236106247577444,0.1637701526227774,0.02657720885318868,127,-0.24067305833281183,0.13285193680691007,0.07459983325847132,0.2353078863365991,0.2051399158119463,0.2162994160048962,0.2912750075254894,0.256741935209293,0.22885263493876162,0.1594632531191321,0.19893288868925685,True,True,False,False,False
Peptostreptococcus stomatis,C00431_5-Aminovalerate,346,0.13972414633214925,0.09960647009276792,0.16210394974828948,149,0.37805866938584765,0.1715924755384379,0.031428784963089255,127,-0.0007452369711986595,0.1717124640595386,0.9965502608510282,0.2265657603633351,0.2243284655214971,0.3192203747347935,0.3539602267427219,0.2864667659091232,0.22885263493876162,0.1740671167186482,0.9965502608510283,True,True,False,False,False
Peptostreptococcus stomatis,C00114_Choline,346,0.14662359862092267,0.10093457778686186,0.14774951841113532,149,0.3517688216240945,0.16967072226419233,0.04245163387340161,127,-0.22307325305515602,0.15373154213145854,0.15150054560738624,0.2063277406703515,0.1910155007620538,0.3021240720229461,0.302172921751532,0.2925692379189155,0.21831165750032944,0.21832268849177972,0.33054664496157,True,True,False,False,False
Peptostreptococcus stomatis,C01046_N-Methylglutamate,346,-0.28954817546015243,0.08969996763312721,0.0014380630585330053,149,-0.3589759059252242,0.17575994569628514,0.045511428369877635,127,-0.19474786674167466,0.15030013309036708,0.1995830526689095,-0.2564650914927901,-0.2517386034121768,-0.2900522992069274,-0.3053785367081338,-0.2338826593126407,0.020404705085187998,0.21845485617541266,0.39123093926741354,True,True,False,True,False
Peptostreptococcus stomatis,C00407_Ile,346,0.22481956819690807,0.10370040846068342,0.03123882697927289,149,0.35244112177414993,0.1767903863167994,0.05075288416570651,127,0.12592600057936248,0.18277311833093982,0.4932543773468072,0.2408821960092202,0.2203170189394117,0.3227567728221084,0.2695298270311071,0.2561054850919608,0.08785602431030304,0.2283879787456793,0.7119321114125624,True,True,False,True,False
Peptostreptococcus stomatis,C01425_Glu-Glu,346,0.2352776549861617,0.08879629911053577,0.00864536609436415,149,0.3020365005773177,0.1666992958516945,0.07501231321669037,127,0.11079631513637045,0.13444869452281516,0.41286297359077806,0.3134495278974153,0.1908733925947599,0.3297270095803237,0.3152873190468483,0.2493590193338645,0.04788202759955529,0.28224683909402165,0.6324709382667238,True,True,False,True,False
Peptostreptococcus stomatis,C03264_2-Hydroxy-4-methylpentanoate,346,0.21036617492913334,0.08257389562531126,0.011531874819165637,149,0.28017910676992297,0.15362405404336646,0.07316416695224004,127,0.08368599755931361,0.11749412594232551,0.4788161110550878,0.3647897758506545,0.2795023487321501,0.3745092721198556,0.3786729859490504,0.2415990966887863,0.05211863432548437,0.28224683909402165,0.7119321114125624,True,True,False,True,False
Fusobacterium nucleatum,"C00986_1,3-Diaminopropane",346,0.17021382487250775,0.06906951194723772,0.014494653964381878,149,0.20856917525845908,0.11690908619399804,0.07947574180664552,127,0.45991355481471574,0.1326355670843967,0.0009293444107966502,0.1701690156409475,0.3012355200671417,0.316377893001982,0.1803565321785118,0.292895103200421,0.0613891226726762,0.28224683909402165,0.006691279757735881,True,True,False,True,False
Peptostreptococcus stomatis,C00042_Succinate,346,0.2005030955172054,0.09607575866131456,0.03805180748255927,149,0.3178654969124296,0.18223948403950277,0.08624208972317329,127,0.023247225372275082,0.16160853576341708,0.8860580359380901,0.1753027971904856,0.3900952042394774,0.3543395041106333,0.3249153043836461,0.2619679715534859,0.09151536350377826,0.28224683909402165,0.9760906624780601,True,True,False,True,False
Peptostreptococcus stomatis,C00183_Val,346,0.19461999788150208,0.10125131435739528,0.05588473267755838,149,0.3267630203174064,0.17915593422268344,0.07314796213609569,127,0.21903342762844458,0.1736204578136832,0.21154609764472757,0.1930387770612461,0.2049060511575129,0.3060747672519083,0.2792996944014341,0.2620492179432951,0.10588686191537376,0.28224683909402165,0.40082418501106276,True,True,False,True,False
Gemella morbillorum,C00250_Pyridoxal,346,-0.09160910518919552,0.07209217444776678,0.20517578905799042,149,-0.2477165393301679,0.14088247720118116,0.08379261970686723,127,0.177297983006919,0.10953449432106127,0.11029201526447127,-0.1834191186489806,-0.2061324462278611,-0.2698355088721734,-0.2365646371443566,-0.1330635078574941,0.25470097952026394,0.28224683909402165,0.2682281018955768,True,True,False,False,False
Fusobacterium nucleatum,C00398_Tryptamine,346,0.2112414245905767,0.06920393459931981,0.0025505881356484997,149,0.21590727382764552,0.12640007156211772,0.09278231643411966,127,0.2669241518626735,0.12664779588080022,0.03886731476019765,0.1870355317708722,0.23313621909498,0.2974873804358726,0.4588390489178237,0.1555501505788689,0.020404705085187998,0.29044899057637463,0.11193786650936924,True,True,False,True,False
Peptostreptococcus stomatis,C00123_Leu,346,0.22633060761633933,0.10430476928453654,0.03109071511970626,149,0.3083197248308309,0.19482528774484753,0.11878273536252157,127,0.2007948627640953,0.17788635992528656,0.26307623650297396,0.2201280315497104,0.219929233020687,0.2887267839873088,0.252401643270907,0.2544342046659345,0.08785602431030304,0.3494094686546518,0.48567920585164426,True,True,False,True,False
Peptostreptococcus stomatis,C00078_Trp,346,0.15353504065624168,0.09954329900920973,0.12442145994020645,149,0.29231096202682405,0.1864726274673441,0.12223823265187195,127,-0.05184284272429135,0.15708949783002127,0.7424292840465677,0.1807613346310865,0.1943280135190757,0.3024957374443827,0.2352511701596011,0.198314864159019,0.19907433590433032,0.3494094686546518,0.8909151408558813,True,True,False,False,False
Peptostreptococcus stomatis,"C03283_2,4-Diaminobutyrate",346,-0.12055244546719224,0.08701352865329699,0.16732588771166004,149,-0.2467652450718808,0.16118054855204045,0.1310285507454944,127,0.056977214609999605,0.14726479910873225,0.7000726283899014,-0.198990422912865,-0.1757229525443334,-0.2763119269635377,-0.3489886185024372,-0.1583841962208126,0.23168199836999084,0.3494094686546518,0.8690556766219465,True,True,False,False,False
Gemella morbillorum,C00431_5-Aminovalerate,346,0.08180977875834627,0.08359933816577314,0.32886058882512137,149,0.2169027901218919,0.1413847695781694,0.1302539419622081,127,-0.2533028322758024,0.13696739190393,0.06888354620197183,0.1599462700535694,0.1830810575202645,0.2847786087518981,0.3366390672243004,0.2577862489121067,0.3534024238120707,0.3494094686546518,0.19075443563622968,True,True,False,False,False
Peptostreptococcus stomatis,C08277_Sebacate,346,-0.23216498002107755,0.08911322206541665,0.009809182320510578,149,-0.21562400930238823,0.152070511171023,0.16138660432545485,127,0.007848539947740318,0.1670456582532314,0.962667543418955,-0.3679011813631206,-0.1730849184157903,-0.1892199437442133,-0.422373271023825,-0.2291670050227069,0.050447223362625825,0.4006839831528534,0.9901723303737823,True,True,False,False,False
Peptostreptococcus stomatis,C00079_Phe,346,0.21659665670468314,0.10156423987887855,0.03407003758316587,149,0.27735637859144013,0.19560264307942368,0.1613758503209947,127,0.17853202446837146,0.17841735521293728,0.3206542191988162,0.196736186345974,0.2721669463585174,0.3145193369461591,0.3322342212142208,0.2954194547604452,0.08785602431030304,0.4006839831528534,0.53690939028639,True,True,False,True,False
Gemella morbillorum,C06104_Adipate,346,-0.10002653758324587,0.07832987452686202,0.20295773447608967,149,-0.19224433627335724,0.14416640832310212,0.18741189421637394,127,-0.003523910306361566,0.11887869167248773,0.9764412992072042,-0.2567059061532915,-0.2310824162763397,-0.1742257996700717,-0.2316227914244572,-0.1515859096128563,0.25470097952026394,0.4497885461192974,0.9901939935622353,True,True,False,True,False
Parvimonas unclassified,C00025_Glu,346,-0.19068311377300767,0.09296544211854983,0.0414456941614378,149,-0.23344695918586034,0.18719932513487206,0.21722512400903354,127,-0.354770805631768,0.1437443733794792,0.016183787089185477,-0.2142633061968375,-0.3586077194369818,-0.2721470175527298,-0.2502821000949413,-0.2185994281349965,0.09506266374648144,0.5045228686661424,0.05296512138278883,True,True,False,True,False
Parvimonas unclassified,C02721_N-Methylalanine,346,-0.24802615055413657,0.08534609844404084,0.0040351554425830235,149,-0.21880468789855692,0.18093745362320102,0.2312974999913727,127,-0.49784750078439444,0.13432478027539926,0.00043251317645952785,-0.2082634197961911,-0.4484233867377807,-0.224920953197381,-0.2427942037782717,-0.3022682527265952,0.0264119265332707,0.5204193749805885,0.003460105411676223,True,True,False,True,False
Gemella morbillorum,C00300_Creatine,346,0.10041390486201918,0.08299089390534736,0.2276067476552134,149,0.1545675583507075,0.1365659155400333,0.2622148573107662,127,-0.15944573279919394,0.12346170221274459,0.2010492326790875,0.1823316063250684,0.2505586614137663,0.2653996494758782,0.3475405765202527,0.2929785199363103,0.2686505873963175,0.5721051432234899,0.39123093926741354,True,True,False,False,False
Gemella morbillorum,C00122_Fumarate,346,0.1400156702249027,0.06292191733464476,0.02708555872653726,149,0.12260535514619314,0.11133851658194723,0.27521014635916546,127,-0.06473180245646226,0.0968878922923777,0.5063929617425509,0.2152636343345106,0.3139181366226398,0.1572004260260208,0.1954195919701025,0.2607653098685408,0.08785602431030304,0.5827979569958799,0.713788320799689,True,True,False,False,False
Peptostreptococcus stomatis,C00803_Valerate,346,-0.06635008083972949,0.10571817077814584,0.5309114450532286,149,-0.18301626277818017,0.18226801504428636,0.31936030917634883,127,-0.01800005663261206,0.18049213692178773,0.9208628538254393,-0.1993473619795818,-0.2443988490000632,-0.2114734510640685,-0.2059649045431814,-0.1312291214411747,0.5539945513598907,0.6569697788770605,0.9760906624780601,True,True,False,True,False
Parvimonas unclassified,C00576_Betaine aldehyde,346,-0.16356257932727686,0.08358149203597529,0.05162726188160818,149,-0.1659898018254793,0.16887435943335818,0.32959436349341154,127,-0.4449852734502604,0.1154385221134442,0.0002651195681997161,-0.3426368335557652,-0.2859379053327465,-0.2065864561845032,-0.3012818052242257,-0.2393750584429259,0.10502894852970886,0.6591887269868231,0.0023860761137974446,True,True,False,True,False
Gemella morbillorum,C02678_Dodecanedioate,346,-0.15803731522348333,0.0814744570538386,0.05369846689570441,149,-0.14990494594866777,0.1567927906019613,0.3428730858561094,127,0.09619211172988756,0.13998756934663778,0.49439729959205725,-0.2101498344248384,-0.2791396750352345,-0.2173657219061988,-0.444479136982053,-0.195674340155706,0.10502894852970886,0.6672124913956724,0.7119321114125624,True,True,False,False,False
Peptostreptococcus stomatis,C02678_Dodecanedioate,346,-0.10621822556341676,0.09707472867506795,0.27507353457700645,149,-0.17663147311164407,0.19029251287986446,0.3570176225545416,127,0.11385553219003075,0.17549878212674794,0.5187484743752131,-0.2258405586617839,-0.2361378640478569,-0.2267782774309141,-0.4172950447331265,-0.1690469899097421,0.30469683830068406,0.676454442734921,0.713788320799689,True,True,False,False,False
Fusobacterium nucleatum,C00294_Inosine,346,-0.2817842337325238,0.08509580352692872,0.0010857946466420016,149,-0.11202608671474379,0.14947045927658234,0.45649266249932385,127,-0.27558905033399184,0.17278164979996938,0.11548709942726221,-0.2393222545883513,-0.2776012232949531,-0.1706522181270115,-0.1892428058088623,-0.1458890974338413,0.01954430363955603,0.6847389937489857,0.2682281018955768,True,True,False,True,False
Parvimonas unclassified,C00624_N-Acetylglutamate,346,-0.19496163950624268,0.0892757820719528,0.0300379998638347,149,-0.1559629363070245,0.2079970687616388,0.45628583917728616,127,-0.53223820550883,0.1272247632727394,8.658447749193775e-05,-0.3269450781280779,-0.3732017735591673,-0.2301767753664598,-0.42112423135138,-0.3026472453779083,0.08785602431030304,0.6847389937489857,0.0008905831970599311,True,True,False,True,False
Peptostreptococcus stomatis,C02721_N-Methylalanine,346,-0.19438492797991924,0.09318296441999775,0.03813140145990761,149,-0.13584994473290957,0.17378382993401328,0.43745426573190815,127,0.03627521189031535,0.1620286808236801,0.8235411481237697,-0.193704908633688,-0.3449923061699921,-0.2636920859270654,-0.2577872991714521,-0.2563712732146016,0.09151536350377826,0.6847389937489857,0.9563703655630874,True,True,False,False,False
Parvimonas unclassified,C04677_AICAR,346,0.12251204154443651,0.06925128026068582,0.07826998611422596,149,0.14124278442820087,0.16044086423671125,0.3821868621227982,127,0.1772807635772825,0.11093459968573091,0.1148053929179955,0.1603497614260002,0.1743132803675646,0.2252809580099926,0.061636714915859,0.1460184659448242,0.1372084170096136,0.6847389937489857,0.2682281018955768,True,True,False,True,False
Parvimonas unclassified,C01042_N-Acetylaspartate,346,-0.15698883231430755,0.08926803713904709,0.08003824325560793,149,-0.1667961400595943,0.19675535585577447,0.39995542249724936,127,-0.23773683688572378,0.14609678224249942,0.10844801551214377,-0.1939345623502841,-0.3250646814181243,-0.2264291892839629,-0.2587428770201697,-0.1555402398005277,0.1372084170096136,0.6847389937489857,0.2682281018955768,True,True,False,True,False
Parvimonas unclassified,2-Hydroxypentanoate,346,0.12559080203095085,0.08663237361384017,0.14857321135439086,149,-0.14628804215900715,0.191171059945352,0.4471397662112164,127,0.38649586987451845,0.12290322446105639,0.0024923457627786167,0.1916878648379572,0.3020698321891336,0.2261882714990827,0.2683143660582278,0.1610795206017154,0.21831165750032944,0.6847389937489857,0.011215555932503776,True,False,False,True,False
Peptostreptococcus stomatis,C00624_N-Acetylglutamate,346,-0.12639351493172968,0.09747348942767178,0.1961002817450811,149,-0.15714867708586677,0.19977360408597541,0.43459230021037765,127,0.2149596105539875,0.15346431625589105,0.16598380203863833,-0.2950551759343765,-0.2812453968691802,-0.2380827986173,-0.439222810581331,-0.2388902337091708,0.25470097952026394,0.6847389937489857,0.35149511019946944,True,True,False,False,False
Gemella morbillorum,C05122_Taurocholate,346,0.0921521170486218,0.07375894040059239,0.2128638727795838,149,0.10293226581006465,0.1228881288551873,0.4055742305818759,127,-0.16589478498793042,0.10963434864223849,0.1350120841560203,0.1955798356957311,0.2078694015593336,0.2663702609768537,0.3719046244048963,0.2700744885613199,0.25976608203610224,0.6847389937489857,0.3037771893510457,True,True,False,False,False
Peptostreptococcus stomatis,C01042_N-Acetylaspartate,346,-0.041066148068782615,0.09746503331988776,0.6739183374912336,149,-0.14598477755921557,0.18897634854446593,0.4428490569077984,127,0.16001100275083724,0.17622860689444944,0.36719541654460774,-0.1731217379411796,-0.310404284714449,-0.2450564448474866,-0.2372872688853798,-0.1314848552852227,0.6834101450615327,0.6847389937489857,0.5805489994308757,True,True,False,False,False
Fusobacterium nucleatum,C03264_2-Hydroxy-4-methylpentanoate,346,-0.008543499857789405,0.06856877165890105,0.9009564719459097,149,0.09797051257797262,0.12632553117971143,0.4410667041419827,127,0.10843356615561539,0.10366210755702564,0.2993635658773339,0.2104524970493734,0.2163448595138947,0.1911064782056144,0.2689329879608546,0.156397058079956,0.9009564719459097,0.6847389937489857,0.5200278152321957,False,True,False,True,False
Parvimonas unclassified,C00191_Glucuronate,346,0.23010153237160225,0.072513773859854,0.0017241057260555142,149,0.10437699612139628,0.14710359057585232,0.48073312278542135,127,0.567107376645952,0.10287257371520878,6.311437088040642e-07,0.1845283932210782,0.3214394033175701,0.1560093718896049,0.2227469905266768,0.2815348742225931,0.020404705085187998,0.6923825881460336,2.272117351694631e-05,True,True,False,True,False
Parvimonas unclassified,C00300_Creatine,346,0.1754682576844392,0.09056539854958605,0.053973209661100384,149,-0.12241960513396677,0.17256671896483028,0.48082124176807883,127,0.5502868949870694,0.12831609587535328,5.996893981407939e-05,0.282379904989281,0.3008558997639473,0.1562279326510826,0.2909662140104691,0.3063357947359486,0.10502894852970886,0.6923825881460336,0.0007196272777689527,True,False,False,True,False
Peptostreptococcus stomatis,C00576_Betaine aldehyde,346,-0.12407972534354972,0.09125632384549175,0.17532830270014482,149,-0.10762431838255326,0.1621976676045086,0.5095276106005884,127,0.03140120213990549,0.13924721422159045,0.8222818172388187,-0.2087424062105431,-0.2818078359435229,-0.2155290329604622,-0.3009553842965767,-0.2467655292362475,0.23818184517755525,0.7193330973184777,0.9563703655630874,True,True,False,False,False
Parvimonas unclassified,C00042_Succinate,346,0.1916120828074892,0.08799560314304347,0.030510270298409047,149,0.11690288681996985,0.18974117559863896,0.5401473590539065,127,0.5914860366501975,0.13397647223131268,3.834201715903644e-05,0.2686122149456284,0.33530099186108,0.2516363400701005,0.3015290656111378,0.2360386003300922,0.08785602431030304,0.7478963433054091,0.0005521250470901246,True,True,False,True,False
Parvimonas unclassified,C00408_Pipecolate,346,-0.1968043150241086,0.09633105344045204,0.042250072776213975,149,-0.1025812355417457,0.180007903845692,0.5708930653363125,127,-0.4753357467777495,0.14258456414504586,0.0014084005608939727,-0.1748439345836182,-0.3118269417208089,-0.1736227480619396,-0.1219312477836482,-0.268660632761842,0.09506266374648144,0.7715236056958631,0.009218621853124186,True,True,False,True,False
Gemella morbillorum,C02656_Pimelate,346,-0.09835821021224178,0.07537809523177819,0.19330839022792579,149,-0.06832816190880625,0.12236207842942128,0.5786427042718973,127,0.12944529980135955,0.12478227419280513,0.30334955888544746,-0.265615683778058,-0.1757194135726657,-0.209503178805762,-0.348604263427812,-0.1552457646655511,0.25470097952026394,0.7715236056958631,0.5200278152321957,True,True,False,False,False
Gemella morbillorum,C00042_Succinate,346,0.10317272054280746,0.08063602525398207,0.2020796077469047,149,0.05235468978139307,0.15015744354826235,0.7285611344172191,127,0.012692610556340078,0.12890793789583752,0.9218634034515013,0.2092248357610088,0.1772062777733949,0.2196625247181387,0.2910329817373954,0.2252109678079343,0.25470097952026394,0.8926200729943975,0.9760906624780601,True,True,False,True,False
Parvimonas unclassified,C01921_Glycocholate,346,0.10219300527159181,0.08320143466800119,0.22066769452281476,149,-0.05727124266261541,0.1620939673626239,0.7250860229021441,127,0.40707800960682583,0.12622737216391977,0.0019607118998294856,0.2069209321718301,0.2475152582166068,0.2033305638066674,0.1972950569332781,0.1513344264221926,0.2648012334273777,0.8926200729943975,0.011215555932503776,True,False,False,True,False
Peptostreptococcus stomatis,C02656_Pimelate,346,-0.09996389865643418,0.08981106971762938,0.26690866147808145,149,-0.05611014411067616,0.14850547207013207,0.7068886419284677,127,-0.1654148059537044,0.15643629826600172,0.29418675048789283,-0.3419838060259007,-0.2132174516660445,-0.2317225916849928,-0.3684389391370558,-0.2070307933617419,0.30469683830068406,0.8926200729943975,0.5200278152321957,True,True,False,True,False
Gemella morbillorum,C01042_N-Acetylaspartate,346,-0.08971084490495929,0.08180203828384881,0.27398475306948133,149,-0.053687797326530146,0.1557083281818965,0.7314525598148536,127,-0.05944136374949771,0.1405697180888765,0.6737717484359352,-0.1750639202913123,-0.237493953241669,-0.1801535727151294,-0.2536325512798293,-0.1004951977512642,0.30469683830068406,0.8926200729943975,0.8510801032874971,True,True,False,True,False
Parvimonas unclassified,C03592_5-Methyl-2'-deoxycytidine,346,-0.04307822311302971,0.07340250263023486,0.5578909734436537,149,0.04991540574484821,0.13328118097213273,0.7093438215501346,127,-0.15352521389811813,0.11433868095726873,0.18396144111815274,-0.1843047992033984,-0.2415607530057835,-0.1827958913488737,-0.2166788341143451,-0.1509223965882541,0.5738307155420438,0.8926200729943975,0.3784349645859142,True,False,False,True,False
Parvimonas unclassified,C00491_Cystine,346,0.2721905413850201,0.06912570264572915,0.00011059687523021428,149,0.04159050523542085,0.13920962986915775,0.7661541994789736,127,0.7398115602309459,0.08176675095269545,3.57656082297326e-13,0.2098382910109666,0.3684435302165486,0.2423843083803355,0.2734591733153223,0.3617660156831089,0.003981487508287715,0.916828659223373,2.5751237925407472e-11,True,True,False,True,False
Parvimonas unclassified,C05122_Taurocholate,346,0.2049340692738742,0.08049085290722963,0.011581918738996527,149,-0.037765332250797146,0.1552832645862536,0.8086778169936846,127,0.5826730107203675,0.11394506425456685,2.923393488573279e-06,0.3080001849767089,0.3173360872426221,0.2071051672401895,0.2679496982714179,0.275896268349527,0.05211863432548437,0.916828659223373,5.2621082794319025e-05,True,False,False,True,False
Parvimonas unclassified,C00183_Val,346,0.19968076618397135,0.09273588468151668,0.03239412815479591,149,-0.04462222583098652,0.18653069478355142,0.8117488108660423,127,0.4574790880708488,0.1439345783017005,0.002254679330456397,0.2096555515473337,0.278718154422697,0.1553652503437464,0.2327898595384934,0.3003480842262796,0.08785602431030304,0.916828659223373,0.011215555932503776,True,False,False,True,False
Parvimonas unclassified,C01425_Glu-Glu,346,0.1284811436553539,0.08132836009805991,0.11559984624183461,149,0.040798160262480954,0.17356129234600814,0.8149588081985537,127,0.3512097697620109,0.11146046032272594,0.002446421953871218,0.2422526507401242,0.2851630816874721,0.2099007356106827,0.2105132807611311,0.2247089174658712,0.18916338475936573,0.916828659223373,0.011215555932503776,True,True,False,True,False
Gemella morbillorum,C01921_Glycocholate,346,0.08652595492661563,0.07624282063446336,0.257668918273354,149,0.03580904961139242,0.1282779854028778,0.7810881892073935,127,-0.06853602731871078,0.1214519981058163,0.5744590451805118,0.1638441490828964,0.2297578111089446,0.2190571643441048,0.3114455900066516,0.1991495311983083,0.2992284212206691,0.916828659223373,0.7520191136908518,True,True,False,False,False
Parvimonas unclassified,C00037_Gly,346,0.22711852266485888,0.09403532747976116,0.016545276477587675,149,-0.027542766354077264,0.17864240293285558,0.8779866529254241,127,0.7148351251208842,0.13547501434426673,1.5712634344834428e-06,0.1702305021004544,0.2065697583486857,0.1466906963967392,0.1897871692134874,0.3020695384512812,0.0661811059103507,0.9435080449347841,3.7710322427602626e-05,True,False,False,True,False
Parvimonas unclassified,"C03283_2,4-Diaminobutyrate",346,-0.11773110442631829,0.07969552405454405,0.1410422352259864,149,0.02741788370482845,0.16781537177348724,0.8707673499765354,127,-0.32128095111002986,0.1220852486240219,0.010569349474284027,-0.2250592975311087,-0.2062247691169435,-0.1876528862915863,-0.3144025064792272,-0.1693664317868895,0.21831165750032944,0.9435080449347841,0.03623776962611667,True,False,False,True,False
Parvimonas unclassified,C03264_2-Hydroxy-4-methylpentanoate,346,0.07827175101307918,0.07562927267672707,0.30183843894913265,149,-0.026493575135008163,0.15994782232866073,0.8689980234633481,127,0.22015137579909605,0.09740480864636163,0.02711591346061696,0.2453954274101123,0.2790460339808921,0.2939307517800336,0.2959369335288688,0.2327017822094275,0.32927829703541744,0.9435080449347841,0.08488459865932266,True,False,False,True,False
Parvimonas unclassified,C00407_Ile,346,0.18839592466873367,0.09497900527484578,0.04855478797737541,149,-0.009130436122887553,0.18406777165268895,0.9606029849732869,127,0.43960872649511507,0.15152230355297058,0.005045240876402575,0.2220742199904398,0.2953364351571484,0.1592635037498932,0.2076443741037489,0.2672241161709818,0.10282190395208911,0.9725331647400794,0.01911880753163081,True,False,False,True,False
Parvimonas unclassified,C00123_Leu,346,0.17338076104969846,0.09553253819461646,0.07090933706480101,149,-0.016162560482065325,0.20284506032204047,0.936757456631039,127,0.43788620627260955,0.14747109023838065,0.004157415058816317,0.1860492053823609,0.276457624186407,0.166597650691841,0.2087272258232933,0.2664733988323051,0.12777727661772448,0.9725331647400794,0.016629660235265267,True,False,False,True,False
Parvimonas unclassified,C00079_Phe,346,0.16877827741222823,0.09302249256664244,0.07098737589873581,149,0.01094810912130767,0.20365441464949446,0.9573063534633695,127,0.4659024404638348,0.14791129517603963,0.0024544541126603515,0.1782840947865764,0.2967182361935128,0.2007359186581309,0.2863149327848031,0.3054138545654291,0.12777727661772448,0.9725331647400794,0.011215555932503776,True,True,False,True,False
Parvimonas unclassified,C02256_Castanospermine,346,-0.12240243522592342,0.07558007288920562,0.10677739554841688,149,0.011218634281513484,0.1502559521586772,0.9407308326329349,127,-0.2786745153439374,0.12941769827182695,0.034953764299960347,-0.1732136282944021,-0.1737687643165286,-0.1704802899975658,-0.1483046089729834,-0.1269487534007846,0.17879005766246547,0.9725331647400794,0.10486129289988104,True,False,False,True,False
Parvimonas unclassified,C02678_Dodecanedioate,346,-0.08179446168122173,0.08891055786322347,0.35860407976794484,149,-0.006850256178503655,0.1981256986747071,0.9725331647400796,127,-0.4138327787337832,0.14549174397975054,0.005919409474670758,-0.2448909582015458,-0.2403652736394128,-0.1630757462431241,-0.3480838107158877,-0.1730095181047307,0.37969843740135334,0.9725331647400794,0.02130987410881473,True,True,False,True,False
