family,feature,prevalence_discovery,n_case_discovery,n_control_discovery,p_discovery,rank_biserial_discovery,log2_median_ratio_discovery,n_case_validation,n_control_validation,p_validation,rank_biserial_validation,log2_median_ratio_validation,n_case_all_descriptive,n_control_all_descriptive,p_all_descriptive,rank_biserial_all_descriptive,log2_median_ratio_all_descriptive,q_discovery_family,discovery_candidate,q_validation_candidates,q_all_descriptive,heldout_reproduced,rank_biserial_discovery_ci_low,rank_biserial_discovery_ci_high,rank_biserial_validation_ci_low,rank_biserial_validation_ci_high
fecal_metabolite,C02155_Gly-Leu,0.8848484848484849,89,76,6.25831454290379e-05,0.3619160260201064,0.6223569547879556,61,51,0.3148793290508086,0.1108968177434908,0.25243607016856,150,127,0.0003267541212609897,0.2505511811023622,0.5132023872958156,0.018712360483282335,True,0.5510388258389151,0.009769948225703592,False,0.19631505026611482,0.5152535481963335,-0.10931372549019609,0.3224284795885565
fecal_metabolite,C00327_Citrulline,1.0,89,76,0.000573071870697646,0.3116499112950917,0.7147341701409728,61,51,0.056823406345159345,0.20990035358405668,0.42390412934307276,150,127,0.00010131685496559682,0.27118110236220483,0.5428319745327774,0.045284253200472004,True,0.14590828072641093,0.007034365195518957,False,0.14339887640449447,0.48495712596096957,-0.0016393442622950375,0.420138219222115
fecal_metabolite,C00123_Leu,1.0,89,76,0.0010121416710317146,0.29745712596096974,1.6064028204968217,61,51,0.06235415392817102,0.20540019286403077,1.5925764493678112,150,127,0.00014115783001041385,0.2655118110236221,1.5804399377460299,0.045284253200472004,True,0.14590828072641093,0.007034365195518957,False,0.130972797161443,0.4594988172678888,-0.0054966248794599834,0.4079234972677594
fecal_metabolite,C01046_N-Methylglutamate,0.593939393939394,89,76,0.0005126181115083571,-0.30366646954464815,-23.540961193815996,61,51,0.06253212031131897,-0.2012214721954355,-0.7148349754413631,150,127,0.000126223345665585,-0.26005249343832026,-1.3721131115625496,0.045284253200472004,True,0.14590828072641093,0.007034365195518957,False,-0.4651204908338262,-0.14074512123004135,-0.39476856316297015,0.004299260687881004
fecal_metabolite,C03795_N6-Methyl-2'-deoxyadenosine,0.4303030303030303,89,76,0.0007339971248436298,-0.2758722649319929,-23.245299731319193,61,51,0.5633024261864534,0.0504660880745742,0.0,150,127,0.015136550366353963,-0.1465616797900262,0.0,0.045284253200472004,True,0.7215450017624566,0.08381163999147842,False,-0.41751182732111175,-0.12684801892371378,-0.11545323047251692,0.22341690774670514
fecal_metabolite,C00255_Riboflavin,0.509090909090909,89,76,0.0009125923317708751,-0.28178592548787695,-25.44495376770805,61,51,0.6768632524131164,-0.04210864673738346,0.0,150,127,0.004502034705281922,-0.1840419947506562,-23.461404213780202,0.045284253200472004,True,0.7215450017624566,0.04681865132408361,False,-0.43941454760496745,-0.11691676522767606,-0.23887817422050786,0.15782706525233037
fecal_metabolite,C00073_Met,1.0,89,76,0.0010601664628873044,0.2962743938497929,0.7256834014464701,61,51,0.7215450017624566,0.03953712632594031,0.23060190441538805,150,127,0.004867888389966202,0.19643044619422567,0.4672431958539625,0.045284253200472004,True,0.7215450017624566,0.04851662095332981,False,0.12001034890597291,0.4600827912477823,-0.18034394085503053,0.2562037929926068
fecal_metabolite,C00263_Homoserine,0.9454545454545454,89,76,0.0013629301300790405,-0.2897693672383205,-0.4272500653031563,61,51,0.7858652162795742,-0.030215364834458414,-0.03849588117097775,150,127,0.0059402333145573815,-0.19191601049868767,-0.31073359864599104,0.05093951361170414,False,,0.055359670784148274,False,,,,
fecal_metabolite,C00785_Urocanate,0.6545454545454545,89,76,0.0017679872095817102,0.2770549970431697,0.7382030132825292,61,51,0.21712395817019647,0.13404050144648028,0.20984731329177578,150,127,0.0013892082193226768,0.2188976377952756,0.49334340066237403,0.05873646396277015,False,,0.025960828598592525,False,,,,
fecal_metabolite,C00122_Fumarate,0.3575757575757576,89,76,0.002008613518963841,0.23965109402720275,0.0,61,51,0.23516459758601083,0.09964641594342649,0.0,150,127,0.001800332915253197,0.17921259842519688,0.0,0.060057544217018845,False,,0.029055920458224315,False,,,,
fecal_metabolite,C02614_Citramalate,0.7818181818181819,89,76,0.0023934813840882554,-0.27335895919574216,-0.40273261905374064,61,51,0.9906307434392868,0.0016072002571521082,-0.3145309484603455,150,127,0.01909693066382089,-0.16267716535433074,-0.36365105304757916,0.06505917580385348,False,,0.09611512018603113,False,,,,
fecal_metabolite,"C01026_N,N-Dimethylglycine",0.7636363636363637,89,76,0.003312320819941261,0.2640449438202248,0.6486783133189483,61,51,0.002620090856168646,0.32979749276759884,0.5174608063999805,150,127,2.4995449791569052e-05,0.2922834645669292,0.6247728890646616,0.06581633637242665,False,,0.007034365195518957,False,,,,
fecal_metabolite,C00183_Val,1.0,89,76,0.003416733889439885,0.26493199290360736,1.4465567359033158,61,51,0.045071148584743516,0.22082931533269035,1.0766170152232204,150,127,0.00032203830206849714,0.25091863517060364,1.3050168137360516,0.06581633637242665,False,,0.009769948225703592,False,,,,
fecal_metabolite,C01959_Taurocyamine,0.20606060606060606,89,76,0.0030058461909844296,0.1898285038438794,0.0,61,51,0.24969454741364427,-0.07939569270331082,0.0,150,127,0.08356831818194446,0.08162729658792656,0.0,0.06581633637242665,False,,0.22751857254631208,False,,,,
fecal_metabolite,C00630_Isobutyryl CoA,0.5878787878787879,89,76,0.0029657552889963312,-0.25931401537551746,-1.3103854263800896,61,51,0.4839902109181653,-0.07360977177756345,-22.687665039097123,150,127,0.006295079620939938,-0.18288713910761156,-23.28650744311775,0.06581633637242665,False,,0.055359670784148274,False,,,,
fecal_metabolite,C02037_Gly-Gly,0.37575757575757573,89,76,0.003521944421266978,0.22974571259609688,0.0,61,51,0.4947849847218243,0.06910961105753777,0.0,150,127,0.0083844510587018,0.16372703412073486,0.0,0.06581633637242665,False,,0.06696554686809635,False,,,,
fecal_metabolite,C00079_Phe,1.0,89,76,0.003995888626980375,0.26049674748669416,1.5372641828753986,61,51,0.02486241167840282,0.24718739954998403,1.809769647371995,150,127,0.0002405093218653784,0.2561679790026248,1.700665436871605,0.07028062938041954,False,,0.008989035904718518,False,,,,
fecal_metabolite,C00065_Ser,1.0,89,76,0.004251513357910343,0.25872264931992905,0.2155672607997056,61,51,0.005226494146020977,0.30761812921890064,0.2921866878844461,150,127,5.9733544517926305e-05,0.28,0.2723466630206599,0.0706223607786218,False,,0.007034365195518957,False,,,,
fecal_metabolite,C00437_N-Acetylornithine,0.9939393939393939,89,76,0.004956706108600339,0.2542874039030161,0.2988403884856815,61,51,0.9534098150559266,0.0067502410800386325,-0.07590430415892219,150,127,0.030707193020653487,0.15076115485564312,0.16256804635832414,0.07800290139323691,False,,0.1311635816167913,False,,,,
fecal_metabolite,C00064_Gln,0.9878787878787879,89,76,0.005651631921316086,0.2504435245416914,0.31181007154382834,61,51,0.10185840910145122,0.180327868852459,0.46785046295644384,150,127,0.0015757384328879628,0.22047244094488194,0.37784567690935633,0.08449189722367548,False,,0.027714458319617698,False,,,,
fecal_metabolite,C00077_Ornithine,0.9939393939393939,89,76,0.0061830487973981545,0.2477823772915435,0.7263317181005562,61,51,0.3872060359028746,0.09546769527483123,0.3586591403864733,150,127,0.006939345721633202,0.1883464566929134,0.6015228330436917,0.08803483763914516,False,,0.059281839164809357,False,,,,
fecal_metabolite,C00019_SAM+,1.0,89,76,0.006893370303048032,-0.24452986398580723,-0.4969736398812037,61,51,0.3969016446327879,0.0935390549662487,0.3135734553940235,150,127,0.09852274823671621,-0.11527559055118108,-0.05809183923331846,0.09368716911869825,False,,0.24964662476930632,False,,,,
fecal_metabolite,C02989_Methionine sulfoxide,0.9818181818181818,89,76,0.008057454284041397,0.23979893554109988,0.5176367263022493,61,51,0.9487569160284467,0.007393121182899476,0.21914718885027168,150,127,0.03159004172489589,0.14997375328083984,0.3792957211245392,0.10474690569253815,False,,0.13117152147004568,False,,,,
fecal_metabolite,C00093_Glycerophosphate,0.6121212121212121,89,76,0.00976760299991254,0.2269367238320521,0.8780549627016105,61,51,0.4700127847087755,0.07682417229186767,0.5760161979130842,150,127,0.014463095276988629,0.16503937007874026,0.7343376745024682,0.12168805404057707,False,,0.0829843502107066,False,,,,
fecal_metabolite,C01015_Hydroxyproline,0.9212121212121213,89,76,0.01030951103343684,-0.23211117681845062,-0.4212927192398201,61,51,0.008253901143038473,-0.2909032465445195,-0.8612465014879882,150,127,0.00021164354793128023,-0.2583727034120735,-0.49255859798616086,0.12330175195990462,False,,0.008989035904718518,False,,,,
fecal_metabolite,C10833_Syringate,0.11515151515151516,89,76,0.012287556148745162,-0.12566528681253697,0.0,61,51,0.5127986767391324,-0.030536804885888835,0.0,150,127,0.013255509028478761,-0.08745406824146984,0.0,0.14130689571056937,False,,0.07824170069411489,False,,,,
fecal_metabolite,"N1,N8-Diacetylspermidine",0.9757575757575757,89,76,0.014406093835603073,-0.22146658781785922,-0.8507349466445508,61,51,0.008413573732481515,-0.29026036644165865,-0.8829555059412703,150,127,0.0003634234114640541,-0.2487139107611549,-0.915421962789918,0.146786026481237,False,,0.009878509093432016,False,,,,
fecal_metabolite,C00082_Tyr,1.0,89,76,0.013517257566188884,0.22353636901241858,0.8435782838968697,61,51,0.02304146090518841,0.250401800064288,0.8252213741497859,150,127,0.0007906473886042017,0.23412073490813645,0.861782614537514,0.146786026481237,False,,0.016885969228046877,False,,,,
fecal_metabolite,C00042_Succinate,0.9939393939393939,89,76,0.014406747049933145,0.22146658781785922,1.262720103283207,61,51,0.2644534880112779,0.12311153969784638,0.6863213874510343,150,127,0.009230314793571809,0.18162729658792642,0.94010399895858,0.146786026481237,False,,0.06899660308194927,False,,,,
fecal_metabolite,C00003_NAD+,0.7696969696969697,89,76,0.01472769496467261,-0.21939680662329986,-0.8290054767411017,61,51,0.8951979092681334,-0.01478624236579873,-0.11030966440262496,150,127,0.04994001414751208,-0.13622047244094493,-0.6664561801076804,0.146786026481237,False,,0.16968254806938762,False,,,,
fecal_metabolite,C00612_N1-Acetylspermidine,0.9818181818181818,89,76,0.01562570902460884,-0.21880544056771145,-0.6923188093636717,61,51,0.06073028526852022,-0.20668595306975246,-0.581452937854863,150,127,0.002129505458900735,-0.2142782152230971,-0.6464578511188704,0.1507124838180014,False,,0.03183610661056599,False,,,,
fecal_metabolite,C02567_N1-Acetylspermine,0.26666666666666666,89,76,0.017927012532648726,0.1667652276759315,0.0,61,51,0.0015293680118872598,0.2812600450016072,0.0,150,127,0.00012159832117251106,0.2117060367454069,0.0,0.1613233282083175,False,,0.007034365195518957,False,,,,
fecal_metabolite,C00191_Glucuronate,0.4727272727272727,89,76,0.01834445872602941,0.1972205795387345,26.420321002678154,61,51,0.3006397041831237,0.10189649630343944,0.0,150,127,0.012825939963234823,0.1583202099737533,24.702004769918926,0.1613233282083175,False,,0.07824170069411489,False,,,,
fecal_metabolite,C00186_Lactate,0.9272727272727272,89,76,0.0175256254113226,0.21496156120638665,0.5025392970117558,61,51,0.32059733741824314,0.10961105753776912,0.1868631402163596,150,127,0.014709600539021572,0.17018372703412066,0.2960260753989002,0.1613233282083175,False,,0.0829843502107066,False,,,,
fecal_metabolite,C00156_p-Hydroxybenzoate,0.15151515151515152,89,76,0.019155724273907465,-0.13231815493790655,0.0,61,51,0.7317498822068093,-0.020572163291546097,0.0,150,127,0.034699520071475864,-0.08713910761154853,0.0,0.16364461593995233,False,,0.13225888632617652,False,,,,
fecal_metabolite,C00328_Kynurenine,0.11515151515151516,89,76,0.019974243675496047,0.11679479597871079,0.0,61,51,0.07187174504015234,0.11411121825779502,0.0,150,127,0.003291036135255371,0.1153805774278216,0.0,0.1658971905270366,False,,0.042022087417062454,False,,,,
fecal_metabolite,C08262_Isovalerate,0.9090909090909091,89,76,0.021040996509352174,0.20875221762270835,0.7109972510675863,61,51,0.3037284009391873,0.11346833815493418,0.13436076410475659,150,127,0.012569664365600546,0.17406824146981625,0.41929027514291883,0.17003399881881892,False,,0.07824170069411489,False,,,,
fecal_metabolite,C05584_4-Hydroxy-3-methoxymandelate,0.24848484848484848,89,76,0.02188103815303868,-0.15745121230041392,0.0,61,51,0.1997824825883734,-0.10896817743490839,0.0,150,127,0.009813781968762219,-0.1375328083989501,0.0,0.17216922125680437,False,,0.06986478115856913,False,,,,
fecal_metabolite,C00407_Ile,1.0,89,76,0.02654679290455317,0.20076877587226494,1.3408837235628412,61,51,0.16615002284184432,0.15268402442944384,1.2244158044152749,150,127,0.009029667457322406,0.18215223097112854,1.2656072201374102,0.18228466490309386,False,,0.06899660308194927,False,,,,
fecal_metabolite,C00047_Lys,1.0,89,76,0.02398635577407639,0.20431697220579537,0.3487876021104783,61,51,0.22875875482250363,0.1327547412407586,0.19029104691406976,150,127,0.013194973198346928,0.17291338582677174,0.28353801725738886,0.18228466490309386,False,,0.07824170069411489,False,,,,
fecal_metabolite,C00750_Spermine,0.20606060606060606,89,76,0.024730261047608088,0.14370195150798337,0.0,61,51,0.3590745724627634,0.0633236901317904,0.0,150,127,0.016870100078146086,0.11270341207349088,0.0,0.18228466490309386,False,,0.09106174724233913,False,,,,
fecal_metabolite,C00993_Ala-Ala,0.9818181818181818,89,76,0.025885094861130456,-0.2016558249556476,-0.3807094511333759,61,51,0.5473197868144761,-0.0665380906460945,-0.11160242055249937,150,127,0.035938083877507285,-0.1463517060367454,-0.20621710870172955,0.18228466490309386,False,,0.13409224384331855,False,,,,
fecal_metabolite,C00383_Malonate,0.48484848484848486,89,76,0.026528082214367775,-0.1865759905381431,-26.028045281929156,61,51,0.8175471323786395,0.024750883960141357,0.02031803996681917,150,127,0.1373820541340747,-0.09790026246719163,-26.049744494039693,0.18228466490309386,False,,0.3159787245083718,False,,,,
fecal_metabolite,C10172_Proline betaine,0.9393939393939394,89,76,0.02743414689176998,-0.19958604376108813,-0.4315135162065816,61,51,0.8425381656001745,-0.022179363548698205,-0.2550950729293868,150,127,0.06440784381713971,-0.1290288713910761,-0.2719498630117187,0.18228466490309386,False,,0.1985355185703585,False,,,,
fecal_metabolite,C00024_Acetyl CoA,0.5636363636363636,89,76,0.02694622530508014,-0.19175044352454174,-24.92719315465361,61,51,0.9853490503495367,-0.0022500803600128405,-0.06006057064209846,150,127,0.08365579848463267,-0.11543307086614174,-0.9683738088971943,0.18228466490309386,False,,0.22751857254631208,False,,,,
fecal_metabolite,C06423_Octanoate,0.19393939393939394,89,76,0.02812147124716143,-0.13719692489651092,0.0,61,51,0.47574644975344016,-0.06075216972034714,0.0,150,127,0.03396758855533392,-0.1072965879265092,0.0,0.18278956310654929,False,,0.13225888632617652,False,,,,
fecal_metabolite,C00860_Histidinol,0.26666666666666666,89,76,0.029713567356909026,-0.15316380839739796,0.0,61,51,0.03707501358717845,-0.18322082931533268,0.0,150,127,0.002473733067840431,-0.16598425196850397,0.0,0.18902886467480423,False,,0.03522124701353756,False,,,,
fecal_metabolite,C01425_Glu-Glu,0.6303030303030303,89,76,0.031911630668548956,0.18923713778829088,0.7655824275131295,61,51,0.05152719438849798,0.20797171327547415,23.15529521365567,150,127,0.0035135524596206064,0.198005249343832,0.8143787215637139,0.19878286603950288,False,,0.042022087417062454,False,,,,
fecal_metabolite,C00346_Ethanolamine phosphate,0.2,89,76,0.03708594553466234,0.13187463039621528,0.0,61,51,0.28640173997069607,0.08582449373191903,0.0,150,127,0.021832875607333713,0.11380577427821525,0.0,0.2262999533645722,False,,0.10397643813646304,False,,,,
fecal_metabolite,C02115_Alpha-Methylserine,0.8,89,76,0.03880925000444171,-0.18628030751034885,-0.6220697487402664,61,51,0.05294102776315534,-0.2105432336869174,-0.6680738790829018,150,127,0.004540939426081688,-0.19664041994750658,-0.709686672582245,0.22752874022211902,False,,0.04681865132408361,False,,,,
fecal_metabolite,C00037_Gly,1.0,89,76,0.03805374593576565,0.18775872264932003,0.8466255189605912,61,51,0.6318760614350047,-0.05303760848601735,-0.27091787357552816,150,127,0.19469691228284614,0.0904986876640419,0.41287694776527756,0.22752874022211902,False,,0.3829893208721776,False,,,,
fecal_metabolite,C05568_beta-Imidazolelactate,0.12727272727272726,89,76,0.03960146381793264,-0.10792430514488471,0.0,61,51,0.76808325207478,0.021536483445837362,0.0,150,127,0.20080165259507787,-0.05459317585301837,0.0,0.2277084169531127,False,,0.39241630147665546,False,,,,
fecal_metabolite,C04501_N-Acetylglucosamine 1-phosphate,0.806060606060606,89,76,0.04292330409767531,0.1825842696629214,0.43242116697940003,61,51,0.022977111114392428,0.250401800064288,0.37614789917909014,150,127,0.003249599967373079,0.20493438320209978,0.4779279057425104,0.2306368882581445,False,,0.042022087417062454,False,,,,
fecal_metabolite,C00719_Betaine,0.8545454545454545,89,76,0.04319620649650867,0.18273211117681853,0.9566175144272474,61,51,0.2457861259576567,0.12761170041787206,0.7566033539452608,150,127,0.022332465330443203,0.1590551181102362,0.6124160231332058,0.2306368882581445,False,,0.10397643813646304,False,,,,
fecal_metabolite,C02787_Isobutylamine,0.15151515151515152,89,76,0.04123492788150035,-0.11531638083973983,0.0,61,51,0.7477194238064175,-0.021857923497267784,0.0,150,127,0.07020074135720779,-0.07805774278215227,0.0,0.2306368882581445,False,,0.20805124474646483,False,,,,
fecal_metabolite,C00015_UDP,0.32727272727272727,89,76,0.04250830648048546,-0.15316380839739796,0.0,61,51,0.8913765026573366,-0.011893281902925157,0.0,150,127,0.09323529541326765,-0.09490813648293961,0.0,0.2306368882581445,False,,0.2424117680744959,False,,,,
fecal_metabolite,C01921_Glycocholate,0.7515151515151515,89,76,0.04429420035574418,0.18066232998225895,2.09504939376858,61,51,0.7221723703893601,-0.038894246223079354,-1.461819466346226,150,127,0.21612786481174207,0.08545931758530179,0.7455797962920133,0.23235027905907912,False,,0.41160657056503747,False,,,,
fecal_metabolite,C00931_Porphobilinogen,0.21818181818181817,89,76,0.04528797344707868,-0.1309875813128326,0.0,61,51,0.9496290077151051,-0.005143040822886524,0.0,150,127,0.09683005432559695,-0.08241469816272962,0.0,0.2334673113909746,False,,0.24745458327652553,False,,,,
fecal_metabolite,C00078_Trp,1.0,89,76,0.04631111635356493,0.18036664695446492,0.2724219376019318,61,51,0.6740014817758113,0.04660880745740914,0.023229531337740725,150,127,0.07360845987610666,0.12482939632545942,0.277499226102322,0.23469531846976122,False,,0.2157738186564303,False,,,,
fecal_metabolite,"C00628_2,5-Dihydroxybenzoate",0.32727272727272727,89,76,0.05023560457731792,-0.14784151389710232,0.0,61,51,0.004096938773696203,-0.264545162327226,0.0,150,127,0.0007317556196259464,-0.19674540682414698,0.0,0.250340762810301,False,,0.016830379251396767,False,,,,
fecal_metabolite,C00197_3PG,0.14545454545454545,89,76,0.055277135111301785,0.10644589000591376,0.0,61,51,0.5025704030167515,0.05239472838315651,0.0,150,127,0.06286829738592849,0.08488188976377953,0.0,0.26657844190772956,False,,0.19580855123325644,False,,,,
fecal_metabolite,C00049_Asp,1.0,89,76,0.05519269810820669,-0.1735659373151981,-0.20661320880055625,61,51,0.7523843717502677,-0.035036965605914516,-0.12799714770628376,150,127,0.07858878273930127,-0.12272965879265096,-0.17944239580306448,0.26657844190772956,False,,0.22488720626014674,False,,,,
fecal_metabolite,C00318_Carnitine,1.0,89,76,0.06081236745662467,0.1697220579538734,0.3684310300179209,61,51,0.08692191080605158,0.18868531018964974,0.48183400539063626,150,127,0.009813617620385446,0.1801574803149606,0.4723282754036151,0.27549845256864813,False,,0.06986478115856913,False,,,,
fecal_metabolite,C02256_Castanospermine,0.24848484848484848,89,76,0.059984138662128886,-0.1292134831460674,0.0,61,51,0.10067970481486126,-0.14432658309225332,0.0,150,127,0.012457594053022285,-0.13511811023622045,0.0,0.27549845256864813,False,,0.07824170069411489,False,,,,
fecal_metabolite,C05123_Isethionate,0.3151515151515151,89,76,0.05973129721734529,-0.1404494382022472,0.0,61,51,0.22700365808835177,-0.11668273866923817,0.0,150,127,0.03246385481198455,-0.12629921259842525,0.0,0.27549845256864813,False,,0.13117152147004568,False,,,,
fecal_metabolite,C03626_ADMA,0.8303030303030303,89,76,0.0590739920676153,-0.17046126552335894,-0.24523095151446297,61,51,0.3331039987635611,0.10671809707489555,0.4569472709443944,150,127,0.4351854199075853,-0.05438320209973757,-0.1086260438871626,0.27549845256864813,False,,0.6255790411171538,False,,,,
fecal_metabolite,C05771_Isopropanolamine,0.9757575757575757,89,76,0.06309465340899999,-0.16824364281490245,-0.4196821455769961,61,51,0.7128137571621804,0.04082288653166177,0.3026766840488465,150,127,0.21400780526019192,-0.08671916010498693,-0.08843392290263713,0.28157166222822383,False,,0.4102614715874562,False,,,,
fecal_metabolite,C03570_Mannosamine,0.3333333333333333,89,76,0.06500091300109417,-0.14015375517445294,0.0,61,51,0.17498743626614066,-0.12407585985213754,0.0,150,127,0.019287315087497887,-0.13632545931758533,0.0,0.2816706230047414,False,,0.09611512018603113,False,,,,
fecal_metabolite,C00179_Agmatine,0.9575757575757575,89,76,0.06449057170850998,-0.1673565937315198,-0.43233359392515425,61,51,0.6277249212473727,-0.053680488588878195,-0.1307963974665109,150,127,0.07556375969646338,-0.12398950131233599,-0.37702191294107357,0.2816706230047414,False,,0.21935499174021894,False,,,,
fecal_metabolite,C00366_Urate,0.6666666666666666,89,76,0.06816043927284658,0.16203429923122403,0.8371825672980928,61,51,0.023484255159850944,0.2375441980070716,27.520831805101924,150,127,0.0052653804791561514,0.18913385826771645,1.1817578263271369,0.2849735031025357,False,,0.050785443976377076,False,,,,
fecal_metabolite,C01736_Purine riboside,0.4,89,76,0.06957547065714083,-0.1454760496747487,0.0,61,51,0.2821053539473669,-0.09932497589199618,0.0,150,127,0.03406779433939219,-0.12824146981627293,0.0,0.2849735031025357,False,,0.13225888632617652,False,,,,
fecal_metabolite,C07151_Metformin,0.11515151515151516,89,76,0.06837353047538214,0.0915138971023064,0.0,61,51,0.5236284774090162,0.053680488588878195,0.0,150,127,0.0871765432320698,0.07805774278215227,0.0,0.2849735031025357,False,,0.23273023594990064,False,,,,
fecal_metabolite,C05332_Phenethylamine,0.4,89,76,0.06900963494093171,0.14577173270254296,0.0,61,51,0.7022867223097831,0.03760848601735778,0.0,150,127,0.09269241370211304,0.10393700787401583,0.0,0.2849735031025357,False,,0.2424117680744959,False,,,,
fecal_metabolite,C00491_Cystine,0.41818181818181815,89,76,0.07181154051085382,0.146067415730337,0.0,61,51,0.16890956480701613,0.13532626165220196,0.0,150,127,0.022332120746185402,0.14257217847769033,0.0,0.28848276028086794,False,,0.10397643813646304,False,,,,
fecal_metabolite,C00170_5-Methylthioadenosine,0.9212121212121213,89,76,0.07236189639152206,-0.16262566528681255,-0.2589861360797803,61,51,0.566907888992222,-0.0633236901317904,0.0013326439384936917,150,127,0.06953597433667712,-0.12661417322834645,-0.16988292018817072,0.28848276028086794,False,,0.20805124474646483,False,,,,
fecal_metabolite,C00099_beta-Ala,0.9939393939393939,89,76,0.0745340577084581,-0.16144293317563574,-0.778572656473103,61,51,0.10185840910145122,-0.180327868852459,-0.35423669991789175,150,127,0.010750152067559516,-0.17795275590551185,-0.5859877670777628,0.2932326744056444,False,,0.07362330402804261,False,,,,
fecal_metabolite,Cysteine-glutathione disulphide -Divalent,0.24242424242424243,89,76,0.0839039400711464,0.11768184506209334,0.0,61,51,0.16163181754801836,0.12439729990356807,0.0,150,127,0.02370135562918472,0.12230971128608914,0.0,0.3175604820414275,False,,0.10737432322918532,False,,,,
fecal_metabolite,C00153_Nicotinamide,0.9333333333333333,89,76,0.08340378978832863,-0.1567120047309284,-0.39587449207098263,61,51,0.3334037814568037,-0.10671809707489555,-0.0791350588159713,150,127,0.05256410467801552,-0.13522309711286085,-0.2816900330305876,0.3175604820414275,False,,0.17462963665251824,False,,,,
fecal_metabolite,C02230_3-Methylguanine,0.3393939393939394,89,76,0.08290205141979341,-0.13246599645180368,0.0,61,51,0.33639333462235277,-0.09096753455480555,0.0,150,127,0.05127746151307048,-0.115485564304462,0.0,0.3175604820414275,False,,0.17226922463379857,False,,,,
fecal_metabolite,2-Hydroxyoctanoate,0.2727272727272727,89,76,0.09224410768632925,-0.11960378474275579,0.0,61,51,0.0034724476781136425,-0.2594021215043394,0.0,150,127,0.001381396592608811,-0.17700787401574802,0.0,0.3284353256360947,False,,0.025960828598592525,False,,,,
fecal_metabolite,C05635_5-Hydroxyindoleacetate,0.896969696969697,89,76,0.09113578085445372,-0.1528681253696038,-0.35452889826893724,61,51,0.031368509058884456,-0.23625843780135003,-0.9803650270353916,150,127,0.006234819895624804,-0.19055118110236224,-0.4864049101514235,0.3284353256360947,False,,0.055359670784148274,False,,,,
fecal_metabolite,C00482_Sinapate,0.1696969696969697,89,76,0.09058931087992425,-0.10023654642223534,0.0,61,51,0.10859537169039571,-0.12054001928640312,0.0,150,127,0.018356993131999212,-0.1094488188976378,0.0,0.3284353256360947,False,,0.09611512018603113,False,,,,
fecal_metabolite,C00547_Noradrenaline,0.2,89,76,0.09249896130509638,-0.10644589000591365,0.0,61,51,0.1228690972833069,-0.12214721954355512,0.0,150,127,0.022603573507926748,-0.11238845144356957,0.0,0.3284353256360947,False,,0.10397643813646304,False,,,,
fecal_metabolite,C02356_2AB,1.0,89,76,0.09384810831529829,0.151685393258427,0.893381311383194,61,51,0.18669712155146778,0.145612343297975,0.6971037371473703,150,127,0.031175499329137445,0.1503412073490813,0.8085931062494117,0.3284353256360947,False,,0.13117152147004568,False,,,,
fecal_metabolite,C02630_2-Hydroxyglutarate,0.8181818181818182,89,76,0.09446634784181987,-0.15094618568894147,-0.4060884578396741,61,51,0.3647782284355705,-0.09996785599485691,-0.20909423399821783,150,127,0.06284896718049797,-0.12955380577427822,-0.311051929088505,0.3284353256360947,False,,0.19580855123325644,False,,,,
fecal_metabolite,C05198_5'-Deoxyadenosine,0.14545454545454545,89,76,0.08848770503218598,-0.09461856889414544,0.0,61,51,0.41439293358023344,-0.04853744776599167,0.0,150,127,0.06757869098712653,-0.07454068241469813,0.0,0.3284353256360947,False,,0.20618396535868197,False,,,,
fecal_metabolite,C01008_Trimethylsulfonium,0.3878787878787879,89,76,0.09636344839983793,-0.13217031342400942,0.0,61,51,0.27129378386512304,0.0935390549662487,0.0,150,127,0.4651053146120214,-0.04288713910761155,0.0,0.33118012725921314,False,,0.6445602506567134,False,,,,
fecal_metabolite,C05135_4-(beta-Acetylaminoethyl)imidazole,0.8363636363636363,89,76,0.10036693843219954,-0.14843287995269072,-0.24736186621357276,61,51,0.5745794420908895,-0.062037929926068824,-0.2924531717668909,150,127,0.11292056153986338,-0.11044619422572177,-0.2564032790664345,0.34101948399122345,False,,0.2744979504099118,False,,,,
fecal_metabolite,C02678_Dodecanedioate,0.7575757575757576,89,76,0.10523307674681234,-0.14562389118864583,-1.0771637698652268,61,51,0.18093115695954387,-0.1468981035036966,-0.7281469254972922,150,127,0.038104495086260175,-0.14383202099737535,-0.8974159551671156,0.35204212538383456,False,,0.13894200037550966,False,,,,
fecal_metabolite,C00212_Adenosine,0.9939393939393939,89,76,0.10596585713894686,-0.14636309875813125,-0.15003320494678352,61,51,0.46877450024978784,-0.08003857280617166,-0.03127651470112735,150,127,0.08357078248689168,-0.12073490813648291,-0.0899400599638792,0.35204212538383456,False,,0.22751857254631208,False,,,,
fecal_metabolite,C05984_2-Hydroxybutyrate,0.3696969696969697,89,76,0.10854898889378806,0.1258131283264341,0.0,61,51,0.5923079462694216,0.049180327868852514,0.0,150,127,0.11992748258525612,0.0924409448818897,0.0,0.35666096350816073,False,,0.2868665383439326,False,,,,
fecal_metabolite,C00357_N-Acetylglucosamine 6-phosphate,0.696969696969697,89,76,0.11075739760305456,0.14237137788290943,0.3981941051184248,61,51,0.004668597862614298,0.3089038894246223,0.6993666392926393,150,127,0.0018463628384824814,0.2146981627296587,0.56695918572358,0.3599615422099273,False,,0.029055920458224315,False,,,,
fecal_metabolite,C03172_S-Methylmethionine,0.13333333333333333,89,76,0.1141542616759016,-0.08456534594914256,0.0,61,51,0.01064261312280687,-0.21118611378977825,0.0,150,127,0.004505471873425988,-0.13181102362204722,0.0,0.3670120886139202,False,,0.04681865132408361,False,,,,
fecal_metabolite,"C04259_N-alpha,N-alpha-Dimethylhistidine",0.32727272727272727,89,76,0.11920237605591316,-0.11768184506209345,0.0,61,51,0.00029899651723148577,-0.35519125683060104,-22.52786619249724,150,127,0.00046050608415034843,-0.2100787401574803,0.0,0.37106911642009593,False,,0.01147427659674618,False,,,,
fecal_metabolite,C01005_O-Phosphoserine,0.296969696969697,89,76,0.12017444322250287,0.11369012418687174,0.0,61,51,0.022843368597517066,0.19318547090967542,0.0,150,127,0.008510671508319936,0.1456167979002625,0.0,0.37106911642009593,False,,0.06696554686809635,False,,,,
fecal_metabolite,C00135_His,1.0,89,76,0.11774994226768497,0.141632170313424,0.43127360355027455,61,51,0.25948489628384075,0.12439729990356807,0.41000595508359744,150,127,0.05447873771804742,0.13417322834645673,0.3891609654397425,0.37106911642009593,False,,0.1790015667878701,False,,,,
fecal_metabolite,C01586_Hippurate,0.23636363636363636,89,76,0.12286234958391137,-0.10408042578356003,0.0,61,51,0.31637970290383377,0.0806814529090325,0.0,150,127,0.6196461376918214,-0.0256167979002625,0.0,0.37106911642009593,False,,0.7752058375307724,False,,,,
fecal_metabolite,C01585_Hexanoate,0.8242424242424242,89,76,0.12220105796865939,0.13956238911886465,0.3298046450229148,61,51,0.6294684078532644,0.05303760848601735,-0.0696708358598544,150,127,0.1516570256245949,0.09963254593175863,0.19991410176608998,0.37106911642009593,False,,0.3259588042943797,False,,,,
fecal_metabolite,C02504_2-Isopropylmalate,0.45454545454545453,89,76,0.12196607477153965,-0.12817859254878772,0.0,61,51,0.7197206978272759,-0.03664416586306651,0.0,150,127,0.1526228515090741,-0.09154855643044624,0.0,0.37106911642009593,False,,0.3259588042943797,False,,,,
fecal_metabolite,C00242_Guanine,0.6121212121212121,89,76,0.12572810405960458,-0.13453577764636315,-0.5576517503129947,61,51,0.017184938059700127,-0.2581163612986178,-0.7639633292705766,150,127,0.007690836045190521,-0.18152230971128613,-0.5488322027399845,0.37201059322126023,False,,0.06387666604199906,False,,,,
fecal_metabolite,C00334_GABA,0.9878787878787879,89,76,0.12643102084935662,-0.13837965700768773,-0.9082460072015295,61,51,0.07102092804571254,-0.19897139183542267,-0.8821197425145564,150,127,0.020895308012443718,-0.16115485564304466,-0.7621419137319904,0.37201059322126023,False,,0.1024212638642733,False,,,,
fecal_metabolite,C00430_5-Aminolevulinate,0.8787878787878788,89,76,0.12690662377447673,-0.13808397397989358,-0.25045663157258125,61,51,0.20862057000643563,-0.13854066216650596,-0.2868110568410183,150,127,0.04764324285112253,-0.13805774278215222,-0.2350008368915797,0.37201059322126023,False,,0.16564336758704226,False,,,,
fecal_metabolite,C00475_Cytidine,0.8,89,76,0.13149981188098403,-0.1360141927853341,-0.19385399999708144,61,51,0.033799565086602354,-0.2324011571841852,-0.9571574953131353,150,127,0.010834198586066471,-0.17690288713910762,-0.46346938027427487,0.3817324636156721,False,,0.07362330402804261,False,,,,
fecal_metabolite,C03958_TRH,0.2,89,76,0.1330477545721544,-0.09506209343583683,0.0,61,51,0.955221666858224,-0.004178720668595259,0.0,150,127,0.21404946343693365,-0.058162729658792656,0.0,0.3825122943949439,False,,0.4102614715874562,False,,,,
fecal_metabolite,C00270_N-Acetylneuraminate,0.5636363636363636,89,76,0.1430241223279594,0.1269958604376109,1.1214095552768717,61,51,0.008238243289654683,0.28383156541305055,3.2695842711315977,150,127,0.0035060012878120883,0.19664041994750647,2.5416354540986825,0.38526317636089963,False,,0.042022087417062454,False,,,,
fecal_metabolite,"C03793_N6,N6,N6-Trimethyllysine",1.0,89,76,0.1425901199443962,-0.13276167947959783,-0.4856485727626272,61,51,0.08167030622114665,-0.19189971070395373,-0.29217578167041325,150,127,0.030475313818502957,-0.15097112860892392,-0.4052084406929622,0.38526317636089963,False,,0.1311635816167913,False,,,,
fecal_metabolite,"C06057_3-Aminopropane-1,2-diol",0.6,89,76,0.14113590951665567,-0.12891780011827325,-0.6008557105210593,61,51,0.20833210383587686,-0.13532626165220185,-0.7219584524351319,150,127,0.04972351565226588,-0.1329133858267717,-0.37884413045202875,0.38526317636089963,False,,0.16968254806938762,False,,,,
fecal_metabolite,C00506_Cysteate,0.15151515151515152,89,76,0.1352980641833379,-0.08441750443524543,0.0,61,51,0.37297452581356916,-0.06300225008035998,0.0,150,127,0.08482251462956361,-0.07580052493438316,0.0,0.38526317636089963,False,,0.22848587274089657,False,,,,
fecal_metabolite,C00120_Biotin,0.15151515151515152,89,76,0.13667410613804998,-0.08412182140745117,0.0,61,51,0.5916106393091675,0.026679524268723886,0.0,150,127,0.3274446562076845,-0.03847769028871395,0.0,0.38526317636089963,False,,0.5263760871295573,False,,,,
fecal_metabolite,C02242_7-Methylguanine,0.9151515151515152,89,76,0.14246876125385544,-0.13276167947959783,-0.3745341449610641,61,51,0.6737624100307478,-0.04660880745740914,-0.03021701030731091,150,127,0.15843393577280052,-0.09837270341207349,-0.3091545740286684,0.38526317636089963,False,,0.3359698354331018,False,,,,
fecal_metabolite,C03752_Glucosaminate,0.10909090909090909,89,76,0.13968311614206513,-0.07244234180958009,0.0,61,51,0.8295764847589397,-0.015107682417229151,0.0,150,127,0.23080277533288263,-0.04829396325459323,0.0,0.38526317636089963,False,,0.4313126864033244,False,,,,
fecal_metabolite,C00956_alpha-Aminoadipate,0.9454545454545454,89,76,0.15167589335192772,-0.1298048492016558,-0.0844543542925088,61,51,0.5868400821794633,-0.060109289617486295,0.10180162447327444,150,127,0.1371156030002601,-0.10372703412073492,0.02097336460240896,0.4013370983382866,False,,0.3159787245083718,False,,,,
fecal_metabolite,C11118_1-Methyl-2-pyrrolidinone,0.4303030303030303,89,76,0.15159957608455327,0.11723832052040217,0.0,61,51,0.9137707211866632,-0.01060752169720347,0.0,150,127,0.26362023549585323,0.06929133858267722,0.0,0.4013370983382866,False,,0.46812476713110746,False,,,,
fecal_metabolite,C00647_Pyridoxamine 5'-phosphate,0.5212121212121212,89,76,0.1569609076302996,-0.12093435836782973,-23.227696597884492,61,51,0.07719609408344619,-0.18418514946962394,-23.229665067914812,150,127,0.026714493654884274,-0.14598425196850395,-23.229665067914812,0.404580270529824,False,,0.11921841198224474,False,,,,
fecal_metabolite,C00588_Phosphorylcholine,0.6,89,76,0.15682823912553537,0.12403903015966877,0.5972897782565547,61,51,0.4801187323189686,0.07682417229186767,0.40382976716819,150,127,0.11673692512088613,0.10677165354330698,0.42720193922885535,0.404580270529824,False,,0.2814866178318141,False,,,,
fecal_metabolite,C01042_N-Acetylaspartate,0.9757575757575757,89,76,0.1569069533927529,0.12817859254878772,0.27163179876788784,61,51,0.9673767134015351,0.004821600771456103,0.25925607845259374,150,127,0.2557436483172185,0.0793175853018373,0.2125561544176626,0.404580270529824,False,,0.46064669184848395,False,,,,
fecal_metabolite,C00364_dTMP,0.5878787878787879,89,76,0.16201034178850104,-0.12211709047900654,-0.5750053654070095,61,51,0.12278638613133383,-0.16489874638379942,-0.5352139493581961,150,127,0.04231617023526865,-0.1369028871391076,-0.551622653689107,0.41402642901505826,False,,0.1506254154803015,False,,,,
fecal_metabolite,C00246_Butyrate,0.9878787878787879,89,76,0.17178038797922468,-0.12374334713187463,-0.32428943605577665,61,51,0.4580860815973513,-0.08196721311475408,-0.14145536789961066,150,127,0.12468609682246347,-0.10713910761154855,-0.24263618020670605,0.4352740339473575,False,,0.2935523066922565,False,,,,
fecal_metabolite,C00127_Glutathione(ox),0.2545454545454545,89,76,0.18193346947250677,0.09254878769958608,0.0,61,51,0.08923512784259076,0.14432658309225332,0.0,150,127,0.034187425499051356,0.11338582677165365,0.0,0.4492804546801746,False,,0.13225888632617652,False,,,,
fecal_metabolite,C00408_Pipecolate,0.9939393939393939,89,76,0.1871350757720479,-0.11945594322885866,-0.5849074069937644,61,51,0.20071562712126467,-0.14111218257794922,-0.24045460829098675,150,127,0.07027817966352157,-0.12629921259842525,-0.5061030005610492,0.4492804546801746,False,,0.20805124474646483,False,,,,
fecal_metabolite,C01672_Cadaverine,0.9818181818181818,89,76,0.1893288872565284,0.11886457717327015,0.44471843795396837,61,51,0.4133828616753129,0.09032465445194471,0.5083498265570119,150,127,0.13399813870301278,0.10456692913385823,0.09842989331350707,0.4492804546801746,False,,0.3130112771265689,False,,,,
fecal_metabolite,C02226_Citraconate,0.49696969696969695,89,76,0.1795876216061545,-0.11354228267297461,-23.44249276922628,61,51,0.5105562692515531,-0.06139504982320798,0.0,150,127,0.14644348897335605,-0.09165354330708664,0.0,0.4492804546801746,False,,0.32196031766936367,False,,,,
fecal_metabolite,C00029_UDP-glucose,0.3151515151515151,89,76,0.1857366455625451,-0.09875813128326438,0.0,61,51,0.9444960839471276,0.006428801028608211,0.0,150,127,0.3190303261880939,-0.056587926509186315,0.0,0.4492804546801746,False,,0.5212571996187982,False,,,,
fecal_metabolite,C00423_trans-Cinnamate,0.5757575757575758,89,76,0.18407467905461672,-0.11561206386753398,-2.1392170431739452,61,51,0.9501008561082708,0.007071681131469054,-0.07833063199358606,150,127,0.42323378684597845,-0.054225721784776915,-0.3731114629792765,0.4492804546801746,False,,0.6127962073870148,False,,,,
fecal_metabolite,SDMA,0.7818181818181819,89,76,0.18923155895289956,-0.11827321111768185,-0.8801147143275901,61,51,0.9719433280660056,0.004178720668595259,-0.03407441045748174,150,127,0.26809496033960245,-0.07695538057742779,-0.5801494423371083,0.4492804546801746,False,,0.47104808681604277,False,,,,
fecal_metabolite,C08306_Hexylamine,0.13333333333333333,89,76,0.18692783123577073,-0.07066824364281488,0.0,61,51,0.9819469346837608,-0.0016072002571519972,0.0,150,127,0.27498714218077724,-0.04288713910761155,0.0,0.4492804546801746,False,,0.47526679486735485,False,,,,
fecal_metabolite,C00086_Urea,0.8909090909090909,89,76,0.19237000896345513,0.1179775280898876,0.6851824479758556,61,51,0.044970316601405914,0.22082931533269035,0.6368874845547648,150,127,0.018831530170740463,0.16377952755905523,0.6764252632357924,0.4529026195281345,False,,0.09611512018603113,False,,,,
fecal_metabolite,C01234_1-Aminocyclopropane-1-carboxylate,0.22424242424242424,89,76,0.20037741348513494,-0.08471318746303957,0.0,61,51,0.15862544721591798,-0.11507553841208618,0.0,150,127,0.06104532226937598,-0.09595800524934384,0.0,0.4680691143129324,False,,0.19580855123325644,False,,,,
fecal_metabolite,C05341_beta-Ala-Lys,0.593939393939394,89,76,0.20258465428061578,0.11147250147841503,0.3640953518700737,61,51,0.7232799403125796,0.03632272581163609,0.0,150,127,0.26316197861548185,0.07433070866141733,-0.08837841890513579,0.4695566793015823,False,,0.46812476713110746,False,,,,
fecal_metabolite,C05127_1-Methylhistamine,0.6909090909090909,89,76,0.2067013698985738,-0.11265523358959195,-0.45246072943253934,61,51,0.8920686328168522,0.015107682417229151,0.22306391832069558,150,127,0.35836101840983914,-0.06330708661417328,-0.3986049931551828,0.47541315076671975,False,,0.5583776061037061,False,,,,
fecal_metabolite,C03761_3-Hydroxy-3-methylglutarate,0.5393939393939394,89,76,0.2096728433630045,0.1079243051448846,24.417455927204344,61,51,0.8137235430519669,-0.0253937640630022,-0.2812088294958424,150,127,0.40779312978385374,0.0553280839895014,0.7517525736919263,0.47856626080563625,False,,0.6041388177220657,False,,,,
fecal_metabolite,C02571_o-Acetylcarnitine,0.7878787878787878,89,76,0.2125438672991472,0.1123595505617978,0.188157266385973,61,51,0.012330170063873904,0.2754741240758598,0.9726337441287038,150,127,0.013095527073445608,0.17265091863517057,0.5672652453110762,0.48057375688280407,False,,0.07824170069411489,False,,,,
fecal_metabolite,C01996_Acetylcholine,0.5757575757575758,89,76,0.2137669219579028,-0.10821998817267886,-0.8976819832695441,61,51,0.3851839111184434,-0.09096753455480555,-0.99210194175881,150,127,0.12313173742588757,-0.1028871391076116,-0.9531268308925128,0.48057375688280407,False,,0.2921935673836538,False,,,,
fecal_metabolite,C03592_5-Methyl-2'-deoxycytidine,0.3878787878787879,89,76,0.215636529955331,-0.09846244825547013,0.0,61,51,0.5996349479512793,0.04821600771456125,0.0,150,127,0.470135450826516,-0.04335958005249341,0.0,0.4811591228107759,False,,0.6448188064088453,False,,,,
fecal_metabolite,C04548_Synephrine,0.15151515151515152,89,76,0.2270755311441902,-0.06830277942046126,0.0,61,51,0.0036541755309109024,-0.22982963677274193,0.0,150,127,0.004151117953059847,-0.1330183727034121,0.0,0.48687876232176197,False,,0.04681865132408361,False,,,,
fecal_metabolite,C16741_5-Hydroxylysine,0.9393939393939394,89,76,0.22890682570906318,-0.1089591957421644,-0.25907286644748756,61,51,0.06235359475861714,-0.20540019286403088,-0.29366134643417874,150,127,0.034944655584508176,-0.14713910761154858,-0.2640063172545777,0.48687876232176197,False,,0.13225888632617652,False,,,,
fecal_metabolite,C00114_Choline,1.0,89,76,0.22706621279706884,0.10940272028385567,0.3708844371149149,61,51,0.3969016446327879,0.0935390549662487,0.3280927410338556,150,127,0.14036492337528517,0.1028871391076116,0.3341510116381316,0.48687876232176197,False,,0.31621331029306343,False,,,,
fecal_metabolite,C00311_Isocitrate,0.22424242424242424,89,76,0.2328021002513262,-0.07894736842105265,0.0,61,51,0.4039713981462153,-0.07103825136612019,0.0,150,127,0.1482238999321814,-0.07538057742782156,0.0,0.48687876232176197,False,,0.3234959567862937,False,,,,
fecal_metabolite,C01551_Allantoin,0.3515151515151515,89,76,0.2324454025738789,-0.09225310467179182,0.0,61,51,0.5754826214351714,-0.05046608807457409,0.0,150,127,0.18342310999092415,-0.07779527559055122,0.0,0.48687876232176197,False,,0.37056425599517784,False,,,,
fecal_metabolite,C03139_Guanidinosuccinate,0.8242424242424242,89,76,0.22580363241843793,-0.10940272028385567,-0.41228722928303385,61,51,0.7034312420628075,-0.04210864673738346,-0.16578609404141764,150,127,0.24275119974278514,-0.08131233595800524,-0.36134779871006334,0.48687876232176197,False,,0.4452920780557838,False,,,,
fecal_metabolite,C00296_Quinate,0.6424242424242425,89,76,0.23285506024084268,-0.1055588409225311,-0.9203380746909362,61,51,0.7824463363909602,0.02989392478302788,0.2751480709004727,150,127,0.44540929911661,-0.051968503937007915,-0.3394160910042458,0.48687876232176197,False,,0.6281148789567615,False,,,,
fecal_metabolite,C05824_Cysteine S-sulfate,0.15151515151515152,89,76,0.2240659945265281,0.06874630396215253,0.0,61,51,0.7855739757974416,0.016393442622950838,0.0,150,127,0.25298799682256934,0.04719160104986875,0.0,0.48687876232176197,False,,0.45844491545423166,False,,,,
fecal_metabolite,C05122_Taurocholate,0.6666666666666666,89,76,0.2233650617841869,0.10821998817267886,0.5128686835162826,61,51,0.8872931795870771,0.015750562520089995,-0.1143099421956296,150,127,0.24854511696779147,0.0793175853018373,0.26885580603283715,0.48687876232176197,False,,0.45314018276444906,False,,,,
fecal_metabolite,C00386_Carnosine,0.7878787878787878,89,76,0.24690079164527012,-0.10437610881135417,-0.28939049280926427,61,51,0.09462168097129653,-0.18386370941819352,-1.207347789995922,150,127,0.0553417516745645,-0.1332283464566929,-0.43057462783166184,0.5070865646997579,False,,0.17986069294233462,False,,,,
fecal_metabolite,C02721_N-Methylalanine,0.7212121212121212,89,76,0.2480307670675438,-0.10348905972797162,-0.14479571441985034,61,51,0.12835624336762302,-0.1661845065895211,-0.15901332228936743,150,127,0.0622041039757145,-0.1288188976377953,-0.1813429225161417,0.5070865646997579,False,,0.19580855123325644,False,,,,
fecal_metabolite,N-Acetylvaline,0.5212121212121212,89,76,0.2493034281299813,-0.09846244825547013,-23.8227268769888,61,51,0.87938570196847,-0.015750562520089995,0.0,150,127,0.3231014605688405,-0.06456692913385831,-23.305738209888283,0.5070865646997579,False,,0.5222018200545043,False,,,,
fecal_metabolite,C00417_cis-Aconitate,0.3515151515151515,89,76,0.2446605214784694,-0.0898876404494382,0.0,61,51,0.9773083539848976,-0.002892960462873684,0.0,150,127,0.3673515928126879,-0.05291338582677163,0.0,0.5070865646997579,False,,0.5632724423127881,False,,,,
fecal_metabolite,C00449_Saccharopine,0.806060606060606,89,76,0.25832947220465086,0.10201064458900055,0.4179916381131758,61,51,0.16834730100013906,-0.15139826422372227,-0.6220802866884003,150,127,0.9704774666682796,-0.002624671916010457,0.1858821445190882,0.5218953526296662,False,,0.9855741182620363,False,,,,
fecal_metabolite,C00440_5-Methyltetrahydrofolate,0.3696969696969697,89,76,0.2629061587440128,-0.08781785925487873,0.0,61,51,0.45122862268287434,-0.07425265188042429,0.0,150,127,0.17750181743280136,-0.08251968503937013,0.0,0.5275767883520794,False,,0.3635139959753946,False,,,,
fecal_metabolite,C02679_Dodecanoate,0.7454545454545455,89,76,0.2680341392847527,0.0994973388527498,0.5441533967823868,61,51,0.8574631977281568,0.019929283188685254,0.09112832246681221,150,127,0.38246137063021657,0.0604724409448818,0.12838629303658486,0.5342813843076071,False,,0.5761928459482955,False,,,,
fecal_metabolite,C05629_3-Phenylpropionate,0.7575757575757576,89,76,0.27215766768782645,0.09875813128326438,0.02990493205586629,61,51,0.7980426671053658,0.027965284474445573,-0.00018496130543517437,150,127,0.34117981460158864,0.06572178477690294,0.019377520910239605,0.5389082293951001,False,,0.5426210881163563,False,,,,
fecal_metabolite,C00245_Taurine,0.9818181818181818,89,76,0.27415966210397325,-0.09905381431105853,-0.6779727918029937,61,51,0.9627199021350739,-0.005464480874316946,-0.8256758400237044,150,127,0.36963438578099794,-0.06262467191601051,-0.76459918825637,0.5393009142703158,False,,0.5638810272883591,False,,,,
fecal_metabolite,C00711_Malate,0.9030303030303031,89,76,0.2855825939651676,0.0966883500887048,0.2240207363300857,61,51,0.06921034393457028,0.20025715204114425,0.1924495907975342,150,127,0.04373068501257018,0.14068241469816267,0.22316347306413667,0.5580993176182034,False,,0.1538291155148057,False,,,,
fecal_metabolite,C00534_Pyridoxamine,0.7878787878787878,89,76,0.29243509030837644,-0.0949142519219397,-0.08020576069392561,61,51,0.3002321682684488,-0.11411121825779491,-0.3745057851260347,150,127,0.1388496777512427,-0.10293963254593175,-0.3224250078888835,0.5628920693752796,False,,0.31621331029306343,False,,,,
fecal_metabolite,C00847_4-Pyridoxate,0.8909090909090909,89,76,0.29368281880449365,-0.09506209343583683,-0.3062274641777127,61,51,0.622980596254578,-0.05432336869173904,-0.041984439991212784,150,127,0.23657132902573919,-0.08251968503937013,-0.24931139515213288,0.5628920693752796,False,,0.43934675390494415,False,,,,
fecal_metabolite,C04137_Octopine,0.4484848484848485,89,76,0.29127197662503446,-0.08722649319929032,0.0,61,51,0.8744009884285984,-0.016393442622950838,0.0,150,127,0.383486208507394,-0.055800524934383255,0.0,0.5628920693752796,False,,0.5761928459482955,False,,,,
fecal_metabolite,C00008_ADP,0.6424242424242425,89,76,0.2956582765140795,-0.09254878769958608,-0.2787260815471765,61,51,0.6080517785222681,-0.053680488588878195,-24.6133617397905,150,127,0.28073356734503896,-0.07275590551181099,-0.23456314164830053,0.563068946991782,False,,0.48062596450719436,False,,,,
fecal_metabolite,C02997_N-Acetylhistidine,0.9212121212121213,89,76,0.29917351691551164,-0.09402720283855703,0.0682136809806963,61,51,0.00997337752538816,-0.28383156541305044,-0.41498219637380634,150,127,0.01705504296177589,-0.16640419947506557,-0.2525015637620279,0.5661574782135316,False,,0.09106174724233913,False,,,,
fecal_metabolite,C11527_4-Hydroxymandelate,0.32727272727272727,89,76,0.3016629796164695,0.0780603193376701,0.0,61,51,0.9406153076387502,0.0077145612343298975,0.0,150,127,0.37608803655421286,0.053438320209973744,0.0,0.567278181794493,False,,0.5708138219782215,False,,,,
fecal_metabolite,C01035_gamma-Guanidinobutyrate,0.7757575757575758,89,76,0.30889140442193097,-0.09166173861620341,-0.391188745139576,61,51,0.04357475863190707,-0.22082931533269046,-0.7357581165458653,150,127,0.036325992479293655,-0.14514435695538053,-0.599079643405085,0.5772408120134835,False,,0.13409224384331855,False,,,,
fecal_metabolite,C02494_1-Methyladenosine,0.503030303030303,89,76,0.3131148688891,0.08560023654642213,20.439476388472734,61,51,0.16591557768058451,0.13854066216650596,0.0,150,127,0.09565452757946545,0.1076115485564304,18.709925493917016,0.5779095419619809,False,,0.24655779091603594,False,,,,
fecal_metabolite,C00571_Cyclohexylamine,0.30303030303030304,89,76,0.31204583274705944,-0.07451212300413956,0.0,61,51,0.8447670400846848,0.017679202828672524,0.0,150,127,0.5233607002688982,-0.03611548556430444,0.0,0.5779095419619809,False,,0.6929192793090907,False,,,,
fecal_metabolite,C00148_Pro,1.0,89,76,0.3163463375487522,0.09077468953282075,0.16949333039424005,61,51,0.05606767447782775,-0.2105432336869174,-0.11299038124505358,150,127,0.7696908656009265,-0.020472440944881876,0.02351204660099536,0.5794222006245784,False,,0.8910278688651254,False,,,,
fecal_metabolite,C08261_Azelate,0.9212121212121213,89,76,0.3178101702422437,-0.0904790065050266,-0.3297440835828073,61,51,0.3320290483172639,-0.10703953712632597,-0.1436381782841819,150,127,0.18196425008767592,-0.09312335958005247,-0.2073382726856968,0.5794222006245784,False,,0.3701177603824156,False,,,,
fecal_metabolite,C02693_Indole-3-acetamide,0.4727272727272727,89,76,0.3278417943497699,-0.08190419869899468,-25.342854202888955,61,51,0.35723520320805613,0.08839601414336218,0.0,150,127,0.8907818972940278,-0.008713910761154908,0.0,0.5940890697610981,False,,0.9649207593949812,False,,,,
fecal_metabolite,C00294_Inosine,0.9575757575757575,89,76,0.3323760386244724,0.08781785925487884,0.24510053681414368,61,51,0.4285469765070731,0.08743169398907114,-0.03172596138810353,150,127,0.19108143039681624,0.09123359580052504,0.10844055356212906,0.598677322582634,False,,0.37836654098442424,False,,,,
fecal_metabolite,C01029_N8-Acetylspermidine,0.9212121212121213,89,76,0.34381769939490825,-0.08574807806031937,-0.4082103208343643,61,51,0.006821854659832669,-0.29797492767598843,-0.839478680438016,150,127,0.013345574365885817,-0.17259842519685042,-0.5170321630384174,0.6082928527756069,False,,0.07824170069411489,False,,,,
fecal_metabolite,C00043_UDP-N-acetylglucosamine,0.7212121212121212,89,76,0.34199684690458365,-0.08515671200473096,-0.23485488324477213,61,51,0.7300022057327497,0.03825136612021862,0.24005641801919414,150,127,0.496333511745341,-0.047244094488189003,-0.11887992284419538,0.6082928527756069,False,,0.6666424349994494,False,,,,
fecal_metabolite,C00253_Nicotinate,0.3696969696969697,89,76,0.3422982591474607,-0.07451212300413956,0.0,61,51,0.8435211558226782,0.018643522982963567,0.0,150,127,0.5180918392267091,-0.03868766404199475,0.0,0.6082928527756069,False,,0.6915600889677948,False,,,,
fecal_metabolite,C00152_Asn,0.8666666666666667,89,76,0.3458698638009744,-0.08530455351862798,0.010995119678361247,61,51,0.1751577715786884,-0.14946962391513985,-0.4481317825781555,150,127,0.10107616652177388,-0.11433070866141737,-0.24375667303947085,0.6083240545675961,False,,0.25184811491675324,False,,,,
fecal_metabolite,C05598_Phenaceturate,0.3090909090909091,89,76,0.35214465960953245,-0.06904198698994679,0.0,61,51,0.5293064818551846,-0.049180327868852514,0.0,150,127,0.2837818070845429,-0.058267716535433056,0.0,0.6157383229429837,False,,0.4821065927174905,False,,,,
fecal_metabolite,C00041_Ala,0.9939393939393939,89,76,0.36086016531732834,0.08279124778237734,0.07430658233970505,61,51,0.27716424488720015,0.11989713918354217,0.5449254353593745,150,127,0.15249328107217963,0.09984251968503943,0.24787987807258458,0.6273092408714022,False,,0.3259588042943797,False,,,,
fecal_metabolite,C01073_N-Acetyl-beta-alanine,0.4,89,76,0.37655765665817553,0.07096392667060902,0.0,61,51,0.8164923756580625,0.02089360334297652,0.0,150,127,0.4242435281910102,0.04782152230971137,0.0,0.6508135222011242,False,,0.6127962073870148,False,,,,
fecal_metabolite,C00864_Pantothenate,0.6,89,76,0.3814799514852447,0.07672974571259616,0.2526085403420124,61,51,0.016749371288975207,0.2529733204757312,24.893056514053107,150,127,0.027220482990962573,0.14860892388451452,0.8767978309753994,0.6517857456805038,False,,0.11969006491614426,False,,,,
fecal_metabolite,C00385_Xanthine,0.15757575757575756,89,76,0.37943238811381186,0.050561797752809,0.0,61,51,0.10388064824545369,0.11732561877209902,0.0,150,127,0.07897376808466691,0.07874015748031504,0.0,0.6517857456805038,False,,0.22488720626014674,False,,,,
fecal_metabolite,C00178_Thymine,0.8121212121212121,89,76,0.3946757331516244,-0.07687758722649318,0.010548594905492713,61,51,0.5643939634172679,-0.06364513018322082,-0.41926187737874343,150,127,0.303775741088392,-0.07160104986876636,-0.16367824932527053,0.6705002512064528,False,,0.508555256108702,False,,,,
fecal_metabolite,C01198_3-(2-Hydroxyphenyl)propionate,0.18787878787878787,89,76,0.3998295842530477,0.05204021289178007,0.0,61,51,0.4984688446291281,0.045644487303117875,0.0,150,127,0.28130282203598334,0.04918635170603669,0.0,0.6754183372410241,False,,0.48062596450719436,False,,,,
fecal_metabolite,C03264_2-Hydroxy-4-methylpentanoate,0.43636363636363634,89,76,0.4076407891493401,0.06800709639266711,0.0,61,51,0.842856258183945,0.01928640308582441,0.0,150,127,0.46563549880217425,0.04545931758530175,0.0,0.6847449210991724,False,,0.6445602506567134,False,,,,
fecal_metabolite,C00380_Cytosine,0.32727272727272727,89,76,0.41153051320933953,-0.06209343583678295,0.0,61,51,0.8240917392567637,-0.022822243651558938,0.0,150,127,0.48841447970030694,-0.04230971128608929,0.0,0.6874168907798465,False,,0.6637996792290535,False,,,,
fecal_metabolite,C06524_Nornicotine,0.5818181818181818,89,76,0.4141268533775261,-0.07125960969840328,-0.391457952853616,61,51,0.09436938541854666,-0.178720668595307,-0.801316135531614,150,127,0.08172172614588608,-0.11727034120734903,-0.4064782041009733,0.6879107175548905,False,,0.22751857254631208,False,,,,
fecal_metabolite,C00188_Thr,1.0,89,76,0.42411239252076527,0.07244234180958009,0.05652605375472899,61,51,0.14093473667426962,0.16232722597235605,0.34291530102746304,150,127,0.10545985551818413,0.11296587926509183,0.254450075417053,0.7006055544956288,False,,0.25846308852407424,False,,,,
fecal_metabolite,"C03413_N1,N12-Diacetylspermine",0.8727272727272727,89,76,0.43509938815536797,-0.07066824364281488,-0.34980173720478064,61,51,0.2307410748761266,-0.13211186113789775,-0.40846114888842927,150,127,0.17345634585402658,-0.09490813648293961,-0.4158105617937065,0.7148061376838187,False,,0.35767894765761343,False,,,,
fecal_metabolite,C02376_5-Methylcytosine,0.10909090909090909,89,76,0.44118116012776776,-0.03784742755765824,0.0,61,51,0.014082656561047556,-0.13982642237222753,0.0,150,127,0.032335009227832764,-0.07937007874015745,0.0,0.716475169669191,False,,0.13117152147004568,False,,,,
fecal_metabolite,C00371_trans-Zeatin,0.296969696969697,89,76,0.4431389242480449,0.05617977528089879,0.0,61,51,0.21706435807908853,0.09932497589199607,0.0,150,127,0.16902375812902126,0.07475065616797893,0.0,0.716475169669191,False,,0.3509590533373428,False,,,,
fecal_metabolite,C00624_N-Acetylglutamate,0.9696969696969697,89,76,0.44330403474515157,0.06948551153163818,0.18915890336593433,61,51,0.5868816249283777,-0.060109289617486295,-0.028425278913488936,150,127,0.7927998869751494,0.018372703412073532,0.018207878794846543,0.716475169669191,False,,0.9013200235953219,False,,,,
fecal_metabolite,C00695_Cholate,0.9696969696969697,89,76,0.447202338977958,0.06889414547604966,0.11381888000009188,61,51,0.2707572423758745,-0.12150433944069428,-1.1439231937897667,150,127,0.9298287701660093,-0.006194225721784741,-0.3217022626990112,0.7188897814753196,False,,0.9755045694022343,False,,,,
fecal_metabolite,C00314_Pyridoxine,0.4727272727272727,89,76,0.4520577362704882,-0.06298048492016561,-20.739447147395648,61,51,0.3982870655595633,-0.08582449373191903,0.0,150,127,0.26459225968279987,-0.07181102362204728,-20.6388507046627,0.7189641656642338,False,,0.46812476713110746,False,,,,
fecal_metabolite,C01004_Trigonelline,0.7212121212121212,89,76,0.4501145835928204,-0.06771141336487285,-0.22963615598446613,61,51,0.7006666090021672,-0.04178720668595304,-0.5303390219814227,150,127,0.5454553962962503,-0.04162729658792652,-0.15752521265375155,0.7189641656642338,False,,0.7109657422326935,False,,,,
fecal_metabolite,C09815_Benzamide,0.23636363636363636,89,76,0.4675668009902978,-0.049083382613837934,0.0,61,51,0.0706928293818825,-0.14304082288653164,0.0,150,127,0.08895767349440671,-0.08713910761154853,0.0,0.733417440021598,False,,0.23538357853829742,False,,,,
fecal_metabolite,gamma-Glu-2AB,0.19393939393939394,89,76,0.4758985724744854,-0.04464813719692484,0.0,61,51,0.08607534009174816,-0.14754098360655743,0.0,150,127,0.10468451820114268,-0.08262467191601053,0.0,0.733417440021598,False,,0.25846308852407424,False,,,,
fecal_metabolite,C03678_4-Amino-3-hydroxybutyrate,0.10303030303030303,89,76,0.4954860297135879,-0.032672974571259616,0.0,61,51,0.16801861326571343,-0.06396657023465124,0.0,150,127,0.18823380822265734,-0.04482939632545935,0.0,0.733417440021598,False,,0.37773093059446,False,,,,
fecal_metabolite,C01606_Phthalate,0.696969696969697,89,76,0.4925070384847269,-0.06135422826729742,-0.2892708579780708,61,51,0.20285675192655384,-0.1378977820636451,-0.2950924868057013,150,127,0.16336798185769053,-0.09574803149606304,-0.3614928463694372,0.733417440021598,False,,0.34399314489753147,False,,,,
fecal_metabolite,C00092_G6P,0.2787878787878788,89,76,0.4936970487829663,0.049083382613837934,0.0,61,51,0.3724311644054812,0.08678881388621029,0.0,150,127,0.2693953941322519,0.0641469816272966,0.0,0.733417440021598,False,,0.47104808681604277,False,,,,
fecal_metabolite,C11284_3-Indolebutyrate,0.593939393939394,89,76,0.48886985408225514,-0.060615020697811994,-0.7968303330390716,61,51,0.39790228614205814,-0.08421729347476692,0.0,150,127,0.30642682899418405,-0.06750656167979008,-2.578753708118845,0.733417440021598,False,,0.508555256108702,False,,,,
fecal_metabolite,C00884_Homocarnosine,0.18181818181818182,89,76,0.4885073816499387,-0.04228267297457122,0.0,61,51,0.7485013535918038,-0.026036644165863043,0.0,150,127,0.48383106986429236,-0.03406824146981624,0.0,0.733417440021598,False,,0.6605730131937142,False,,,,
fecal_metabolite,C00262_Hypoxanthine,0.6181818181818182,89,76,0.4872519777204647,0.06120638675340029,0.1801838993991595,61,51,0.7510437377724002,0.035036965605914405,0.2795853043423589,150,127,0.4401772795681165,0.05301837270341214,0.17877988651336693,0.733417440021598,False,,0.6267286028136516,False,,,,
fecal_metabolite,C06772_Diethanolamine,1.0,89,76,0.4913545697456507,-0.06238911886457721,-0.010908028002137778,61,51,0.7523843717502677,-0.035036965605914516,0.10950875561089801,150,127,0.43954166876864675,-0.05396325459317586,0.007577981923892991,0.733417440021598,False,,0.6267286028136516,False,,,,
fecal_metabolite,C00881_2'-Deoxycytidine,0.23030303030303031,89,76,0.49068389233389675,-0.04612655233589591,0.0,61,51,0.8152818317044763,-0.019607843137254943,0.0,150,127,0.4971948595480843,-0.03522309711286087,0.0,0.733417440021598,False,,0.6666424349994494,False,,,,
fecal_metabolite,"C11003_2,4-Dimethylaniline",0.45454545454545453,89,76,0.4939797387928454,0.05677114133648731,0.0,61,51,0.820299104029628,-0.024108003857280624,1.1500474928436286,150,127,0.6964135966790215,0.025406824146981588,21.82929580626021,0.733417440021598,False,,0.8464539244188106,False,,,,
fecal_metabolite,C00388_Histamine,0.9272727272727272,89,76,0.47798883085775,-0.06431105854523955,-0.07893189662815257,61,51,0.8425361743585836,-0.022179363548698205,0.21216442265925,150,127,0.41453070638335676,-0.05695538057742777,-0.08462937437540438,0.733417440021598,False,,0.6105649320621857,False,,,,
fecal_metabolite,2-Hydroxypentanoate,0.6242424242424243,89,76,0.4721873515375248,0.06342400946185678,0.34111329504303334,61,51,0.9607040958865993,0.005464480874316946,0.3635091233555732,150,127,0.5468967247943797,0.040577427821522294,0.4010040930755314,0.733417440021598,False,,0.7109657422326935,False,,,,
fecal_metabolite,C02835_Imidazole-4-acetate,0.6787878787878788,89,76,0.47575556855548473,-0.06357185097575402,0.04857474595001206,61,51,0.9670909955650169,0.004821600771456103,0.034661470383178766,150,127,0.5897770755914804,-0.037165354330708666,0.014078620994066744,0.733417440021598,False,,0.7409384268985405,False,,,,
fecal_metabolite,C02656_Pimelate,0.6484848484848484,89,76,0.4984938248524602,0.06002365464222348,0.41694621457511166,61,51,0.988071552054318,0.0019286403085825299,0.1825155315992619,150,127,0.559508329607839,0.03984251968503938,0.2682959766527892,0.7342347469501753,False,,0.7210904765204478,False,,,,
fecal_metabolite,C01571_Decanoate,0.1393939393939394,89,76,0.506019724058201,-0.036369012418687174,0.0,61,51,0.09452656246842057,-0.13018322082931533,0.0,150,127,0.1003347168849289,-0.07433070866141733,0.0,0.7416661641833435,False,,0.25184811491675324,False,,,,
fecal_metabolite,C02704_Methyl sulfate,0.18181818181818182,89,76,0.516379560854612,0.039621525724423456,0.0,61,51,0.26542604513343504,-0.07682417229186755,0.0,150,127,0.8556860487326138,-0.00834645669291334,0.0,0.7531584814416048,False,,0.944096415391334,False,,,,
fecal_metabolite,C00250_Pyridoxal,0.3696969696969697,89,76,0.5221649426551678,-0.05026611472501474,0.0,61,51,0.3589927286923794,0.08807457409193176,0.0,150,127,0.9143032268275042,0.006561679790026309,0.0,0.7578996012325008,False,,0.9738971481971354,False,,,,
fecal_metabolite,C06369_2-Deoxyglucose 6-phosphate,0.13333333333333333,89,76,0.5299752261449355,0.03370786516853941,0.0,61,51,0.021965015788234368,0.17197042751526848,0.0,150,127,0.03859153834525747,0.09097112860892387,0.0,0.7636127359801776,False,,0.13902252970159015,False,,,,
fecal_metabolite,C00163_Propionate,0.9272727272727272,89,76,0.5312088598122975,-0.05677114133648731,-0.03823646286113468,61,51,0.6505803028081343,0.05014464802314378,0.12710482831294417,150,127,0.8154674311107606,-0.016325459317585334,-0.06355460540890939,0.7636127359801776,False,,0.9235786435686266,False,,,,
fecal_metabolite,C01879_5-Oxoproline,0.8242424242424242,89,76,0.5344743010505784,0.05617977528089879,0.0475061910202903,61,51,0.47735763356374106,0.07843137254901955,0.2309024343168667,150,127,0.3540636340583845,0.0645669291338582,0.15050125131682368,0.764630698632167,False,,0.5583776061037061,False,,,,
fecal_metabolite,C01762_Xanthosine,0.15151515151515152,89,76,0.5432580432375318,-0.03444707273802483,0.0,61,51,0.3256353143863395,0.0710382513661203,0.0,150,127,0.8656763698268437,0.0075590551181101695,0.0,0.7661406506203582,False,,0.9481217383817813,False,,,,
fecal_metabolite,C03758_Dopamine,0.12727272727272726,89,76,0.5457791256927635,-0.031785925487876954,0.0,61,51,0.3394574121583117,-0.047251687560269984,0.0,150,127,0.3064632150615876,-0.03795275590551184,0.0,0.7661406506203582,False,,0.508555256108702,False,,,,
fecal_metabolite,C00233_4-Methyl-2-oxopentanoate,0.10909090909090909,89,76,0.5437852393505108,0.02986398580721472,0.0,61,51,0.3803292051467342,0.04082288653166177,0.0,150,127,0.32276611532839383,0.0343307086614173,0.0,0.7661406506203582,False,,0.5222018200545043,False,,,,
fecal_metabolite,C08277_Sebacate,0.5818181818181818,89,76,0.5399331526804506,-0.053518628030751025,-0.5591018063605058,61,51,0.9853490503495367,0.0022500803600129515,0.3200938868920062,150,127,0.7459761289465232,-0.021732283464566904,-0.28354956518685254,0.7661406506203582,False,,0.8712768068555096,False,,,,
fecal_metabolite,C00438_Carbamoylaspartate,0.3393939393939394,89,76,0.557155397102151,0.04494382022471921,0.0,61,51,0.05021742516436119,0.183542269366763,0.0,150,127,0.08370248488325863,0.10215223097112869,0.0,0.7735965709969632,False,,0.22751857254631208,False,,,,
fecal_metabolite,C02567_N1-Acetylspermine_div,0.4909090909090909,89,76,0.5614396518606724,0.049083382613837934,20.75319889642915,61,51,0.125869875142676,0.15525554484088722,20.87360941535633,150,127,0.1673035180617235,0.08934383202099738,20.8403409707667,0.7735965709969632,False,,0.34981644685633095,False,,,,
fecal_metabolite,C00979_O-Acetylserine,0.14545454545454545,89,76,0.5593518464860185,-0.03252513305736249,0.0,61,51,0.13341717429895517,-0.11057537769206038,0.0,150,127,0.14211417871838822,-0.06519685039370082,0.0,0.7735965709969632,False,,0.3171055181850603,False,,,,
fecal_metabolite,C01081_Thiamine monophosphate,0.21818181818181817,89,76,0.55491483634552,-0.038734476641040794,0.0,61,51,0.7968602632634183,0.019607843137254832,0.0,150,127,0.730740014180876,-0.017007874015747992,0.0,0.7735965709969632,False,,0.8704831244624777,False,,,,
fecal_metabolite,C00300_Creatine,0.9818181818181818,89,76,0.568360246122778,0.05174452986398581,0.3992278583978079,61,51,0.25458033474829,0.12568306010928953,0.9059249386945395,150,127,0.23054128150794895,0.08367454068241464,0.5554595544008702,0.7778116021936338,False,,0.4313126864033244,False,,,,
fecal_metabolite,Ophthalmate,0.43636363636363634,89,76,0.5723028511123727,0.046422235363690056,0.0,61,51,0.687030422325468,-0.03985856637737062,0.0,150,127,0.8508299932748222,0.011863517060367368,0.0,0.7778116021936338,False,,0.944096415391334,False,,,,
fecal_metabolite,C03406_Argininosuccinate,0.8242424242424242,89,76,0.5717584545223825,0.051153163808397295,0.14558657386488547,61,51,0.837443530413698,0.02282224365155905,-0.04002586802742865,150,127,0.5728313627703033,0.03926509186351712,0.08753432402793229,0.7778116021936338,False,,0.7226859808789904,False,,,,
fecal_metabolite,C04677_AICAR,0.2606060606060606,89,76,0.5761153355480497,0.03917800118273207,0.0,61,51,0.7081523160548666,0.026036644165863043,0.0,150,127,0.4691629145613285,0.03643044619422575,0.0,0.7794501598591261,False,,0.6448188064088453,False,,,,
fecal_metabolite,"C02953_7,8-Dihydrobiopterin",0.2,89,76,0.5840163082047187,-0.03474275576581909,0.0,61,51,0.5025066470084316,0.05914496946319514,0.0,150,127,0.9152678884394483,0.005564304461942227,0.0,0.7865805232126617,False,,0.9738971481971354,False,,,,
fecal_metabolite,C04037_Galacturonate 1-phosphate,0.10303030303030303,89,76,0.5898240683678198,-0.025872264931992905,0.0,61,51,0.30125277778964066,-0.05110896817743493,0.0,150,127,0.29331700503398417,-0.0364829396325459,0.0,0.7908403427891394,False,,0.49549030793876425,False,,,,
fecal_metabolite,C01181_gamma-Butyrobetaine,0.9939393939393939,89,76,0.5929915403807389,0.04849201655824964,0.2758972170821001,61,51,0.2902839049572018,-0.11668273866923817,-0.299335663377146,150,127,0.7881646994683511,-0.018792650918635134,0.08672113778249009,0.7915378150617898,False,,0.8994704013016678,False,,,,
fecal_metabolite,C05607_3-Phenyllactate,0.20606060606060606,89,76,0.5963903060760869,0.034003548196333444,0.0,61,51,0.5962929214752857,0.041465766634522616,0.0,150,127,0.44745307430699066,0.03748031496062998,0.0,0.7925364511855555,False,,0.6281148789567615,False,,,,
fecal_metabolite,C06337_Terephthalate,0.2606060606060606,89,76,0.603877890485822,-0.036369012418687174,0.0,61,51,0.35814994527139654,0.07618129218900682,0.0,150,127,0.9097217664536692,0.00608923884514434,0.0,0.7929984598901489,False,,0.9738971481971354,False,,,,
fecal_metabolite,C00020_AMP,0.8666666666666667,89,76,0.6073466465379402,0.046570076877587185,0.04132672938223082,61,51,0.4335680825092024,0.08646737383477987,0.04924194854000381,150,127,0.3585568574311424,0.06404199475065608,0.055526892005580405,0.7929984598901489,False,,0.5583776061037061,False,,,,
fecal_metabolite,C07044_Hydroxyurea,0.23636363636363636,89,76,0.5999086619187802,0.03548196333530451,0.0,61,51,0.48672657472710523,-0.06685953069752493,0.0,150,127,0.962648026452313,-0.002677165354330713,0.0,0.7929984598901489,False,,0.9855741182620363,False,,,,
fecal_metabolite,C00429_Dihydrouracil,0.8909090909090909,89,76,0.6063960928045745,0.046717918391484314,-0.003753830405232826,61,51,0.683566836582868,0.045001607200257254,0.08046971451004732,150,127,0.5636717973995249,0.04026246719160098,0.004954354160733179,0.7929984598901489,False,,0.7226859808789904,False,,,,
fecal_metabolite,C01089_3-Hydroxybutyrate,0.4484848484848485,89,76,0.6121108549955765,0.041986989946777076,0.0,61,51,0.16234672257313898,0.14175506268080995,26.93020960730337,150,127,0.1897321673102118,0.08377952755905516,25.094185210215613,0.7957441114942494,False,,0.3781994535050222,False,,,,
fecal_metabolite,3-Indoxyl sulfate,0.21212121212121213,89,76,0.6165097280531802,-0.03252513305736249,0.0,61,51,0.028636557738824862,0.15429122468659595,0.0,150,127,0.35703543850510056,0.04414698162729658,0.0,0.7979931112030341,False,,0.5583776061037061,False,,,,
fecal_metabolite,C00581_Guanidinoacetate,0.6424242424242425,89,76,0.650221655634561,0.04021289178001175,0.15933119756979128,61,51,0.17737116107875317,0.1423979427836708,0.5311510782578103,150,127,0.22785939829693191,0.08162729658792656,0.14603371096658183,0.8344046138829775,False,,0.4312022790555864,False,,,,
fecal_metabolite,C00489_Glutarate,0.9454545454545454,89,76,0.6483303615224156,-0.04139562389118867,-0.12615365195190104,61,51,0.26945355048209074,0.1218257794921247,-0.034745578822290936,150,127,0.7060952489776824,0.026351706036745304,-0.05376912582247142,0.8344046138829775,False,,0.854746880341405,False,,,,
fecal_metabolite,C00576_Betaine aldehyde,0.4121212121212121,89,76,0.6563457883557532,0.03607332939089303,0.0,61,51,0.9817072263909263,0.002571520411443373,0.0,150,127,0.7149463703022398,0.02278215223097102,0.0,0.838664062899018,False,,0.8585098984753804,False,,,,
fecal_metabolite,C03519_N-Acetylphenylalanine,0.15757575757575756,89,76,0.6743833821154217,0.02424600827912471,0.0,61,51,0.25528599255039475,0.0838958534233365,0.0,150,127,0.2724559922723766,0.04965879265091866,0.0,0.8569001702115862,False,,0.4736298935432593,False,,,,
fecal_metabolite,C00074_PEP,0.1696969696969697,89,76,0.6763492982272051,0.024837374334713225,0.0,61,51,0.700285657144095,0.0253937640630022,0.0,150,127,0.5680862989770501,0.025144356955380642,0.0,0.8569001702115862,False,,0.7226859808789904,False,,,,
fecal_metabolite,C01262_Anserine,0.3212121212121212,89,76,0.6817202312303198,0.030898876404494402,0.0,61,51,0.6159847498164318,-0.049823207971713246,0.0,150,127,0.9504369930851757,-0.0037795275590550848,0.0,0.8594395223265348,False,,0.9855741182620363,False,,,,
fecal_metabolite,C00329_Glucosamine,0.7515151515151515,89,76,0.6841023622532283,-0.03666469544648132,-0.10181078725796076,61,51,0.6596251275490232,0.04821600771456125,0.3162616596825858,150,127,0.9896966541491424,-0.0009448818897638267,0.04287125167724115,0.8594395223265348,False,,0.9921625797694862,False,,,,
fecal_metabolite,C05582_Homovanillate,0.26666666666666666,89,76,0.7007053025028245,0.027202838557066844,0.0,61,51,0.0745405205031763,-0.14754098360655743,0.0,150,127,0.4436073904882134,-0.04104986876640415,0.0,0.8638416290847001,False,,0.6281148789567615,False,,,,
fecal_metabolite,C00103_G1P,0.11515151515151516,89,76,0.6992517824504731,0.01951507983441747,0.0,61,51,0.15488486522909084,0.0980392156862746,0.0,150,127,0.2063662529566812,0.05154855643044609,0.0,0.8638416290847001,False,,0.4006721404808291,False,,,,
fecal_metabolite,C05382_S7P,0.23030303030303031,89,76,0.7047168141420668,0.02542874039030152,0.0,61,51,0.31263703551177147,0.07135969141755072,0.0,150,127,0.3635037859769592,0.044514435695538035,0.0,0.8638416290847001,False,,0.5602455258098495,False,,,,
fecal_metabolite,C00134_Putrescine,1.0,89,76,0.7081680274783774,0.034003548196333444,0.24709671208027884,61,51,0.43712497335891654,0.08582449373191903,0.6028846748007434,150,127,0.45121041545877905,0.05259842519685032,0.5294279054960508,0.8638416290847001,False,,0.6304295057110979,False,,,,
fecal_metabolite,C02735_Phenylethanolamine,0.3878787878787879,89,76,0.7054445051921747,0.03015966883500898,0.0,61,51,0.5576913712919764,0.051751848280295665,0.0,150,127,0.549635272373785,0.035485564304462036,0.0,0.8638416290847001,False,,0.711432668570397,False,,,,
fecal_metabolite,C00330_2'-Deoxyguanosine,0.15757575757575756,89,76,0.6933121086638977,-0.022767593140153752,0.0,61,51,0.599441180920224,0.032465445194471254,0.0,150,127,0.978155994942697,-0.0012073490813648835,0.0,0.8638416290847001,False,,0.9855741182620363,False,,,,
fecal_metabolite,C00398_Tryptamine,0.4484848484848485,89,76,0.7107191998489506,-0.030751034890597273,0.0,61,51,0.7185243894379186,0.035036965605914405,0.0,150,127,0.934573284307063,-0.005196850393700769,0.0,0.8638416290847001,False,,0.9770538881392021,False,,,,
fecal_metabolite,C00879_Mucate,0.21818181818181817,89,76,0.7022410285798186,0.025133057362507483,0.0,61,51,0.9817747212955613,0.0019286403085825299,0.0,150,127,0.7597368713635635,0.014803149606299248,0.0,0.8638416290847001,False,,0.8838962044268697,False,,,,
fecal_metabolite,C02714_N-Acetylputrescine,0.9818181818181818,89,76,0.7252623973340375,-0.03193376700177408,-0.7609710758272632,61,51,0.770189677200503,0.032465445194471254,0.011500355056111905,150,127,0.9549845374625827,-0.003989501312335997,-0.45176533840582433,0.8779492178254138,False,,0.9855741182620363,False,,,,
fecal_metabolite,C00387_Guanosine,0.9030303030303031,89,76,0.7325154273087836,-0.03104671791839153,-0.10146060583428547,61,51,0.331820310621166,0.10703953712632597,0.12044700829049967,150,127,0.729611163272353,0.02414698162729656,-0.06459861084163891,0.8817328153197499,False,,0.8704831244624777,False,,,,
fecal_metabolite,C02713_N-Acetylmuramate,0.3090909090909091,89,76,0.7342858562361797,-0.0252808988764045,0.0,61,51,0.8231331701012453,0.019929283188685254,0.0,150,127,0.8811138074419295,-0.008503937007873996,0.0,0.8817328153197499,False,,0.9615074030114485,False,,,,
fecal_metabolite,C00299_Uridine,0.7818181818181819,89,76,0.7511503842068655,-0.0286812536960378,-0.18906489234572432,61,51,0.621562426793358,0.054001928640308616,0.18749090569909355,150,127,0.9383498732867359,0.00540682414698157,-0.16033786075858814,0.8983758595114112,False,,0.9775840143300838,False,,,,
fecal_metabolite,C00954_Indole-3-acetate,0.5212121212121212,89,76,0.7644026388490588,-0.025724423418095776,1.4833574065432944,61,51,0.5706686525179088,-0.0568948891031823,0.0,150,127,0.5237450071031923,-0.04141732283464572,-20.708696211927048,0.9105832231707911,False,,0.6929192793090907,False,,,,
fecal_metabolite,C00025_Glu,1.0,89,76,0.772336715728889,-0.02631578947368418,0.06235803513630381,61,51,0.3321157955421944,-0.10703953712632597,-0.19085567334290926,150,127,0.42106293015011176,-0.05616797900262471,-0.05366142232176386,0.9127615731341415,False,,0.6127962073870148,False,,,,
fecal_metabolite,C00803_Valerate,0.9333333333333333,89,76,0.772304181335189,-0.02631578947368418,-0.04005229380013166,61,51,0.7724075568941501,0.03214400514304083,0.01795920040346786,150,127,0.9789816492435612,-0.0018897637795275424,-0.016588886606854057,0.9127615731341415,False,,0.9855741182620363,False,,,,
fecal_metabolite,C01152_3-Methylhistidine,1.0,89,76,0.7773443899500355,-0.025724423418095776,-0.2710009294101713,61,51,0.28762708956493344,0.11732561877209902,0.5865592904442237,150,127,0.6456119133282987,0.03212598425196855,0.09460544146603567,0.9150628842325221,False,,0.7980669287413081,False,,,,
fecal_metabolite,C00670_Glycerophosphorylcholine,0.4484848484848485,89,76,0.7894927327781127,-0.022176227084565348,0.0,61,51,0.6999125387849177,0.03857280617164904,0.0,150,127,0.9636445279211306,0.0029396325459316586,0.0,0.925718929806493,False,,0.9855741182620363,False,,,,
fecal_metabolite,C00483_Tyramine,0.8666666666666667,89,76,0.797231028728161,-0.023358959195742157,0.01501931627433953,61,51,0.8241954892061683,0.024750883960141357,0.12988009413057347,150,127,0.8939232453257854,-0.009343832020997422,0.044237876889504195,0.9311409280848443,False,,0.9649207593949812,False,,,,
fecal_metabolite,_Diazoxide,0.22424242424242424,89,76,0.8020284490029881,-0.016706091070372575,0.0,61,51,0.48518540792187603,0.05946640951462556,0.0,150,127,0.819091418247326,0.01196850393700788,0.0,0.9330992461163169,False,,0.9241823926639641,False,,,,
fecal_metabolite,C01118_o-Succinylhomoserine,0.32727272727272727,89,76,0.8277795423160204,-0.016558249556475446,0.0,61,51,0.16808673269870067,-0.14046930247508838,-23.885338163287074,150,127,0.3078545195841975,-0.06241469816272971,0.0,0.9380635809960777,False,,0.508555256108702,False,,,,
fecal_metabolite,C02918_1-Methylnicotinamide,0.6242424242424243,89,76,0.8271447632254956,-0.019367238320520452,-0.12623628803271675,61,51,0.18462900727861797,0.1423979427836708,0.7057549828505557,150,127,0.4961362196986463,0.04624671916010503,0.1650748798863898,0.9380635809960777,False,,0.6666424349994494,False,,,,
fecal_metabolite,C00085_F6P,0.12727272727272726,89,76,0.8345314800834671,0.011088113542282674,0.0,61,51,0.34934649093068737,0.07650273224043724,0.0,150,127,0.42105356801035265,0.036745406824147064,0.0,0.9380635809960777,False,,0.6127962073870148,False,,,,
fecal_metabolite,C02710_N-Acetylleucine,0.41818181818181815,89,76,0.8338528996102277,-0.01714961561206385,0.0,61,51,0.5532694269451078,0.0585020893603343,0.0,150,127,0.8281250629259658,0.013595800524934365,0.0,0.9380635809960777,False,,0.9277096639233082,False,,,,
fecal_metabolite,C01601_Pelargonate,0.2727272727272727,89,76,0.8268100065617661,0.015671200473092783,0.0,61,51,0.6127516139215222,-0.045644487303117987,0.0,150,127,0.8590393909356197,-0.00992125984251968,0.0,0.9380635809960777,False,,0.9443116834181995,False,,,,
fecal_metabolite,C00147_Adenine,0.8181818181818182,89,76,0.8197309368193861,-0.02069781194559428,-0.07840146720503714,61,51,0.7233479938356002,-0.039215686274509776,-0.16237842525399554,150,127,0.709400746500239,-0.025984251968503957,-0.12512596769874845,0.9380635809960777,False,,0.8552855774337559,False,,,,
fecal_metabolite,"C03283_2,4-Diaminobutyrate",0.4303030303030303,89,76,0.8139269401301511,0.01936723832052034,0.0,61,51,0.7316326353823415,-0.035036965605914516,0.0,150,127,0.9762474327776587,-0.0019422572178477981,0.0,0.9380635809960777,False,,0.9855741182620363,False,,,,
fecal_metabolite,C06103_6-Hydroxyhexanoate,0.21818181818181817,89,76,0.8333738375802017,-0.013897102306327569,0.0,61,51,0.7790639576915089,-0.022822243651558938,0.0,150,127,0.7343102660859014,-0.017217847769028904,0.0,0.9380635809960777,False,,0.8712649585701767,False,,,,
fecal_metabolite,C17714_Heptanoate,0.15151515151515152,89,76,0.8298772940374792,0.012270845653459483,0.0,61,51,0.8368797232782301,-0.014464802314368419,0.0,150,127,0.9701738310275662,0.0016797900262466303,0.0,0.9380635809960777,False,,0.9855741182620363,False,,,,
fecal_metabolite,C01047_N-gamma-Ethylglutamine,0.6606060606060606,89,76,0.8427081073301765,-0.017740981667652256,0.020196935428530925,61,51,0.04161292448174215,-0.22211507553841203,-1.2865820304433373,150,127,0.14065675675243292,-0.10120734908136486,-0.3456881051759745,0.940185537655682,False,,0.31621331029306343,False,,,,
fecal_metabolite,C09209_Harman,0.12727272727272726,89,76,0.8411484281537965,-0.010644589000591398,0.0,61,51,0.8477197879130385,0.013179042108646843,0.0,150,127,0.976642731693499,-0.0012598425196850283,0.0,0.940185537655682,False,,0.9855741182620363,False,,,,
fecal_metabolite,C00355_DOPA,0.12121212121212122,89,76,0.855850025717031,0.009461856889414477,0.0,61,51,0.4803715023375392,0.047573127611700405,0.0,150,127,0.5440550423679458,0.024776902887139185,0.0,0.9435516964235431,False,,0.7109657422326935,False,,,,
fecal_metabolite,C06104_Adipate,0.5696969696969697,89,76,0.8553379783813564,-0.01596688350088704,-0.04031696734514861,61,51,0.5444615260100809,0.06589521054323377,0.491659157086083,150,127,0.7748068424914134,0.01942257217847776,0.034998657802683464,0.9435516964235431,False,,0.8910278688651254,False,,,,
fecal_metabolite,C01620_Threonate,0.7212121212121212,89,76,0.8583480315291094,0.01611472501478417,0.003761111076382658,61,51,0.6562992842515315,0.04853744776599167,0.14610517274717938,150,127,0.6512653197755156,0.031181102362204616,0.18687162002594648,0.9435516964235431,False,,0.7980669287413081,False,,,,
fecal_metabolite,2-Hydroxyisobutyrate,0.30303030303030304,89,76,0.8548816154602745,-0.013601419278533422,0.0,61,51,0.9968493484410516,0.0006428801028608433,0.0,150,127,0.9108051657433632,-0.006194225721784741,0.0,0.9435516964235431,False,,0.9738971481971354,False,,,,
fecal_metabolite,C05145_3-Aminoisobutyrate,0.9393939393939394,89,76,0.8675706966716691,-0.015227675931401508,-0.6281290754861403,61,51,0.9487507952749603,0.007393121182899476,-0.3643363742243316,150,127,0.9274285050776412,-0.006404199475065653,-0.4125171006051739,0.950196477307066,False,,0.9755045694022343,False,,,,
fecal_metabolite,C01104_Trimethylamine N-oxide,0.4121212121212121,89,76,0.8763121941276218,-0.01271437019515076,0.0,61,51,0.09256608774293815,0.16232722597235605,0.0,150,127,0.3628625239477695,0.05627296587926511,0.0,0.9562676862925509,False,,0.5602455258098495,False,,,,
fecal_metabolite,C01020_6-Hydroxynicotinate,0.18787878787878787,89,76,0.8798851134716429,0.009461856889414477,0.0,61,51,0.6326876256952079,-0.030536804885888835,0.0,150,127,0.887238465207314,-0.006404199475065653,0.0,0.9566750870109862,False,,0.9646701858072251,False,,,,
fecal_metabolite,C00315_Spermidine,0.9939393939393939,89,76,0.8946674763997159,-0.012123004139562354,-0.014170056357231472,61,51,0.01281316757828308,0.2741883638701381,0.6365138222970527,150,127,0.144874934531195,0.10173228346456686,0.299311486006515,0.9666703142875714,False,,0.32087115129501703,False,,,,
fecal_metabolite,C00062_Arg,1.0,89,76,0.9102004896572817,0.010348905972797251,0.016075591099083773,61,51,0.23560855511560186,-0.13082610093217617,-0.33458046109464545,150,127,0.5366265322316948,-0.043149606299212606,-0.11046300012047185,0.9666703142875714,False,,0.7068340666840386,False,,,,
fecal_metabolite,C02712_N-Acetylmethionine,0.24242424242424243,89,76,0.9117091258498164,0.007687758722649374,0.0,61,51,0.49314227607412997,0.04853744776599167,0.0,150,127,0.6226530450657417,0.024461942257217872,0.0,0.9666703142875714,False,,0.7757219186444032,False,,,,
fecal_metabolite,C02378_6-Aminohexanoate,0.503030303030303,89,76,0.904153098276976,-0.01034890597279714,-0.31726408728589184,61,51,0.5089297446203933,0.06718097074895524,20.81246079280563,150,127,0.7431446323415043,0.02131233595800519,19.46023432347143,0.9666703142875714,False,,0.8712768068555096,False,,,,
fecal_metabolite,C00637_Indole-3-acetaldehyde,0.4727272727272727,89,76,0.9028296350180769,0.010348905972797251,0.0,61,51,0.6512538657625113,-0.04468016714882672,0.0,150,127,0.8397433409437303,-0.012913385826771706,0.0,0.9666703142875714,False,,0.9368778318737886,False,,,,
fecal_metabolite,C05659_5-Methoxytryptamine,0.2545454545454545,89,76,0.8963457196567537,0.009166173861620441,0.0,61,51,0.7386931411211984,0.02989392478302788,0.0,150,127,0.7414430803204011,0.01805774278215222,0.0,0.9666703142875714,False,,0.8712768068555096,False,,,,
fecal_metabolite,C00378_Thiamine,0.6363636363636364,89,76,0.9066431072048653,-0.010496747486694269,0.19582987961905954,61,51,0.7566213214473992,0.03375120540019294,0.42080901135982757,150,127,0.9251680751426534,0.0064566929133857975,0.11682778472544107,0.9666703142875714,False,,0.9755045694022343,False,,,,
fecal_metabolite,C00055_CMP,0.5393939393939394,89,76,0.9492332167229609,-0.005617977528089901,-0.37117613205700745,61,51,0.12159224680904876,-0.16425586628093858,-0.8677471053942682,150,127,0.31889664790241534,-0.06645669291338585,-0.5047489514012616,0.9820786567479769,False,,0.5212571996187982,False,,,,
fecal_metabolite,C00493_Shikimate,0.44242424242424244,89,76,0.9355210422272378,0.0068007096392666,0.0,61,51,0.23201540268878518,0.11893281902925112,0.0,150,127,0.3895934930078827,0.05443569553805783,0.0,0.9820786567479769,False,,0.5824422720467847,False,,,,
fecal_metabolite,C00213_Sarcosine,0.9818181818181818,89,76,0.943965307659438,-0.006505026611472453,0.1328733435967852,61,51,0.32776437928405255,0.10800385728061723,0.27504317455548977,150,127,0.5708881128737058,0.03958005249343821,0.1413322332669916,0.9820786567479769,False,,0.7226859808789904,False,,,,
fecal_metabolite,"C00986_1,3-Diaminopropane",0.49696969696969695,89,76,0.9316765390680334,0.007392075694855116,-21.92469993071158,61,51,0.42883467754156035,-0.08003857280617166,0.0,150,127,0.6511332441782371,-0.029291338582677184,0.0,0.9820786567479769,False,,0.7980669287413081,False,,,,
fecal_metabolite,C02727_N-epsilon-Acetyllysine,0.9696969696969697,89,76,0.9491698755245732,0.005913660555884048,-0.020810555955349593,61,51,0.6485929156342517,-0.05046608807457409,-0.19573455612728163,150,127,0.7742969169904097,-0.020052493438320163,-0.04275277699989666,0.9820786567479769,False,,0.8910278688651254,False,,,,
fecal_metabolite,C05660_5-Methoxyindoleacetate,0.5272727272727272,89,76,0.9448812034742197,0.006061502069781177,25.475243264399115,61,51,0.6716683642562478,0.0459659273545483,-0.2213658287927096,150,127,0.7453129184580034,0.021837270341207304,0.05042554874336295,0.9820786567479769,False,,0.8712768068555096,False,,,,
fecal_metabolite,C00568_p-Aminobenzoate,0.2787878787878788,89,76,0.9423051806488152,-0.0053222945002956434,0.0,61,51,0.8144728972214403,-0.021536483445837362,0.0,150,127,0.8550801927216778,-0.010288713910761138,0.0,0.9820786567479769,False,,0.944096415391334,False,,,,
fecal_metabolite,C00140_N-Acetylglucosamine,0.9636363636363636,89,76,0.962191419903092,-0.004435245416913092,-0.05058510345472799,61,51,0.1441159116283512,0.16104146576663458,0.3164113684996447,150,127,0.33497217860405626,0.06729658792650928,0.14325415756378826,0.9920525329345672,False,,0.5355972267519402,False,,,,
fecal_metabolite,C00642_p-Hydroxyphenylacetate,0.47878787878787876,89,76,0.9774805827691818,0.0025133057362507483,0.0,61,51,0.7007532653282527,0.03825136612021862,0.0,150,127,0.7880437435508291,0.017217847769028793,0.0,0.9943705827009665,False,,0.8994704013016678,False,,,,
fecal_metabolite,C02627_2-Deoxystreptamine,0.10909090909090909,89,76,0.9734957032540634,0.0017740981667653255,0.0,61,51,0.7898592542007271,0.017679202828672524,0.0,150,127,0.8284230109281716,0.008556430446194252,0.0,0.9943705827009665,False,,0.9277096639233082,False,,,,
fecal_metabolite,C00105_UMP,0.8,89,76,0.9777423120872379,0.0026611472501478772,-0.11124884219870271,61,51,0.9602415652474972,0.005785920925747368,0.030052986506209932,150,127,0.9921625797694863,0.0007349081364829146,-0.03678805775447467,0.9943705827009665,False,,0.9921625797694862,False,,,,
fecal_metabolite,C00214_Thymidine,0.6727272727272727,89,76,0.9707977399101224,-0.0034003548196333,-0.06645284681889385,61,51,0.9928427605927632,-0.0012857602057216866,-0.338460775601109,150,127,0.9235407928070097,-0.006614173228346454,-0.17743725147688286,0.9943705827009665,False,,0.9755045694022343,False,,,,
fecal_metabolite,C00791_Creatinine,0.9939393939393939,89,76,0.9856545515107262,-0.0017740981667652145,0.2185788517323637,61,51,0.08167030622114665,0.19189971070395373,0.8620285650283913,150,127,0.24124934477282922,0.08178477690288721,0.6739265247433962,0.9956442935868485,False,,0.44526885238935765,False,,,,
fecal_metabolite,C00431_5-Aminovalerate,1.0,89,76,0.9856545515107262,0.0017740981667653255,-0.060628839479594646,61,51,0.5434370504637482,0.06718097074895524,-0.37357420354298426,150,127,0.6499400188425479,0.03170603674540673,-0.2468485545670569,0.9956442935868485,False,,0.7980669287413081,False,,,,
fecal_metabolite,_DCA,0.9818181818181818,89,76,0.9934790454231732,0.0008870490833825517,0.36904401298954015,61,51,0.1886542576572361,-0.14496946319511406,-0.4179128287553033,150,127,0.4081472949159106,-0.05774278215223094,0.04610177922952287,0.996812867723251,False,,0.6041388177220657,False,,,,
fecal_metabolite,C00632_3-Hydroxyanthranilate,0.12121212121212122,89,76,0.9930980272802183,-0.0005913660555884048,0.0,61,51,0.4799147482327273,0.036965605914496935,0.0,150,127,0.6750210365858196,0.015590551181102308,0.0,0.996812867723251,False,,0.8238011834251431,False,,,,
fecal_metabolite,C01744_3-(4-Hydroxyphenyl)propionate,0.5757575757575758,89,76,1.0,0.00014784151389712896,0.5949955201078884,61,51,0.33181181152569517,-0.10253937640630018,-0.33467133617538863,150,127,0.5727741998635243,-0.03779527559055118,-0.043414439768615365,1.0,False,,0.7226859808789904,False,,,,
